Timestamp,Temperature,ElapsedSecs,BatteryVoltage,LeftCount,RightCount,LeftFeedCount,FeedParadigm
6/21/2023 18:47,25.25,27.3,3.26,0,0,0,0
6/21/2023 18:47,25.25,27.48,3.26,0,1,0,0
6/21/2023 18:47,25.25,28.47,3.26,1,1,1,0
6/21/2023 18:47,25.25,29.31,3.25,1,1,2,0
6/21/2023 18:47,25.25,29.8,3.26,1,1,3,0
6/21/2023 18:47,25.25,30.28,3.26,1,1,4,0
6/21/2023 18:47,25.25,30.76,3.26,1,1,5,0
6/21/2023 18:47,25.25,31.25,3.26,1,1,6,0
6/21/2023 18:48,24.5,31.85,3.26,1,1,7,0
6/21/2023 18:48,24.5,32.44,3.26,1,1,8,0
6/21/2023 18:48,24.5,33.04,3.26,1,1,9,0
6/21/2023 18:48,24.5,33.52,3.26,1,1,10,0
6/21/2023 18:48,24.5,34.12,3.27,1,1,11,0
6/21/2023 18:48,24.5,34.6,3.26,1,1,12,0
6/21/2023 18:48,24.5,35.08,3.26,1,1,13,0
6/21/2023 18:48,24.5,35.57,3.27,1,1,14,0
6/21/2023 18:48,24.5,36.05,3.26,1,1,15,0
6/21/2023 18:48,24.5,36.54,3.27,1,1,16,0
6/21/2023 18:48,24.5,37.02,3.26,1,1,17,0
6/21/2023 18:48,24.5,37.5,3.26,1,1,18,0
6/21/2023 18:49,24.5,37.99,3.26,1,1,19,0
6/21/2023 18:49,24.5,38.58,3.26,1,1,20,0
6/21/2023 18:49,24.5,39.07,3.26,1,1,21,0
6/21/2023 18:49,24.5,39.55,3.26,1,1,22,0
6/21/2023 18:49,24.5,40.03,3.26,1,1,23,0
6/21/2023 18:49,24.5,40.52,3.26,1,1,24,0
6/21/2023 18:49,24.5,41,3.26,1,1,25,0
6/21/2023 18:49,24.5,41.49,3.26,1,1,26,0
6/21/2023 18:49,24.5,41.97,3.25,1,1,27,0
6/21/2023 18:49,24.5,42.57,3.26,1,1,28,0
6/21/2023 18:49,24.5,43.05,3.26,1,1,29,0
6/21/2023 18:49,24.5,43.53,3.26,1,1,30,0
6/21/2023 18:49,24.5,44.02,3.27,1,1,31,0
6/21/2023 18:49,24.5,44.5,3.26,1,1,32,0
6/21/2023 18:49,24.5,45.1,3.26,1,1,33,0
6/21/2023 18:50,24.5,45.58,3.26,1,1,34,0
6/21/2023 18:50,24.5,46.2,3.26,1,1,35,0
6/21/2023 18:50,24.5,46.8,3.26,1,1,36,0
6/21/2023 18:50,24.5,47.28,3.27,1,1,37,0
6/21/2023 18:50,24.5,47.88,3.26,1,1,38,0
6/21/2023 18:50,24.5,48.36,3.26,1,1,39,0
6/21/2023 18:50,24.5,48.85,3.26,1,1,40,0
6/21/2023 18:50,24.5,49.33,3.27,1,1,41,0
6/21/2023 18:50,24.5,49.81,3.26,1,1,42,0
6/21/2023 18:50,24.5,50.41,3.27,1,1,43,0
6/21/2023 18:51,24.5,50.89,3.26,1,1,44,0
6/21/2023 18:51,24.5,51.38,3.26,1,1,45,0
6/21/2023 18:51,24.5,51.86,3.26,1,1,46,0
6/21/2023 18:51,24.5,52.34,3.27,1,1,47,0
6/21/2023 18:51,24.5,52.83,3.27,1,1,48,0
6/21/2023 18:51,24.5,53.31,3.26,1,1,49,0
6/21/2023 18:51,24.5,53.79,3.27,1,1,50,0
6/21/2023 18:51,24.5,54.39,3.27,1,1,51,0
6/21/2023 18:51,24.5,54.87,3.26,1,1,52,0
6/21/2023 18:51,24.5,55.36,3.27,1,1,53,0
6/21/2023 18:51,24.5,55.96,3.27,1,1,54,0
6/21/2023 18:51,24.5,56.44,3.26,1,1,55,0
6/21/2023 18:51,24.5,56.93,3.26,1,1,56,0
6/21/2023 18:51,24.5,57.52,3.27,1,1,57,0
6/21/2023 18:52,25,58.46,3.26,1,1,58,0
6/21/2023 18:52,25,58.95,3.26,1,1,59,0
6/21/2023 18:52,25,59.43,3.26,1,1,60,0
6/21/2023 18:52,25,59.91,3.27,1,1,61,0
6/21/2023 18:52,25,60.39,3.26,1,1,62,0
6/21/2023 18:53,25,60.88,3.27,1,1,63,0
6/21/2023 18:53,25,61.36,3.26,1,1,64,0
6/21/2023 18:53,25,61.85,3.27,1,1,65,0
6/21/2023 18:53,25,62.33,3.26,1,1,66,0
6/21/2023 19:00,25.25,77.81,3.26,1,1,66,0
6/21/2023 19:00,25.25,78.24,3.27,1,1,67,0
6/21/2023 19:20,25.5,89.99,3.26,1,1,68,0
6/21/2023 19:20,25.5,90.47,3.27,1,1,69,0
6/21/2023 19:42,25.25,103.47,3.27,1,1,70,0
6/21/2023 19:47,25.25,106.79,3.27,1,1,71,0
6/21/2023 19:47,25.25,107.28,3.26,1,1,72,0
6/21/2023 19:47,25.25,107.76,3.26,1,1,73,0
6/21/2023 19:47,25.25,108.25,3.26,1,1,74,0
6/21/2023 19:47,25.25,108.73,3.26,1,1,75,0
6/21/2023 19:47,25.25,109.21,3.27,1,1,76,0
6/21/2023 19:47,25.25,109.7,3.27,1,1,77,0
6/21/2023 19:47,25.25,110.18,3.27,1,1,78,0
6/21/2023 19:47,25.25,110.67,3.27,1,1,79,0
6/21/2023 19:47,25.25,111.15,3.27,1,1,80,0
6/21/2023 19:47,25.25,111.63,3.27,1,1,81,0
6/21/2023 19:47,25.25,112.12,3.27,1,1,82,0
6/21/2023 19:47,25.25,112.6,3.27,1,1,83,0
6/21/2023 19:47,25.25,113.09,3.26,1,1,84,0
6/21/2023 19:47,25.25,113.57,3.27,1,1,85,0
6/21/2023 19:48,25.25,114.28,3.27,1,1,86,0
6/21/2023 19:48,25.25,114.77,3.27,1,1,87,0
6/21/2023 19:48,25.25,115.25,3.27,1,1,88,0
6/21/2023 19:48,25.25,115.73,3.26,1,1,89,0
6/21/2023 19:48,25.25,116.22,3.27,1,1,90,0
6/21/2023 19:48,25.25,116.7,3.27,1,1,91,0
6/21/2023 19:48,25.25,117.18,3.27,1,1,92,0
6/21/2023 19:48,25.25,117.67,3.27,1,1,93,0
6/21/2023 19:48,25.25,118.17,3.27,1,1,94,0
6/21/2023 19:48,25.25,118.66,3.27,1,1,95,0
6/21/2023 19:48,25.25,119.14,3.27,1,1,96,0
6/21/2023 19:48,25.25,119.63,3.27,1,1,97,0
6/21/2023 19:48,25.25,120.11,3.27,1,1,98,0
6/21/2023 19:48,25.25,120.71,3.27,1,1,99,0
6/21/2023 19:48,25.25,121.19,3.27,1,1,100,0
6/21/2023 19:48,25.25,121.68,3.27,1,1,101,0
6/21/2023 19:48,25.25,122.16,3.27,1,1,102,0
6/21/2023 19:48,25.25,122.65,3.27,1,1,103,0
6/21/2023 19:48,25.25,123.13,3.27,1,1,104,0
6/21/2023 19:48,25.25,123.61,3.27,1,1,105,0
6/21/2023 19:48,25.25,124.1,3.27,1,1,106,0
6/21/2023 19:48,25.25,124.58,3.27,1,1,107,0
6/21/2023 19:49,25.25,125.07,3.26,1,1,108,0
6/21/2023 19:49,25.25,125.66,3.27,1,1,109,0
6/21/2023 19:49,25.25,126.15,3.27,1,1,110,0
6/21/2023 19:49,25.25,126.75,3.27,1,1,111,0
6/21/2023 19:49,25.25,127.23,3.26,1,1,112,0
6/21/2023 19:49,25.25,127.71,3.27,1,1,113,0
6/21/2023 19:49,25.25,128.31,3.26,1,1,114,0
6/21/2023 19:49,25.25,128.79,3.27,1,1,115,0
6/21/2023 19:49,25.25,129.28,3.27,1,1,116,0
6/21/2023 19:49,25.25,129.76,3.27,1,1,117,0
6/21/2023 19:50,25.25,130.25,3.27,1,1,118,0
6/21/2023 19:51,25.5,142.09,3.27,1,1,118,0
6/21/2023 19:51,25.5,142.52,3.27,1,1,119,0
6/21/2023 20:16,25.5,157.08,3.27,1,2,119,0
6/21/2023 20:29,25.5,165.92,3.27,2,2,120,0
6/21/2023 20:30,25.5,166.4,3.27,2,2,121,0
6/21/2023 20:30,25.5,166.89,3.27,2,2,122,0
6/21/2023 20:30,25.5,167.49,3.27,2,2,123,0
6/21/2023 20:30,25.5,167.97,3.27,2,2,124,0
6/21/2023 20:30,25.5,168.45,3.27,2,2,125,0
6/21/2023 20:30,25.5,168.94,3.26,2,2,126,0
6/21/2023 20:30,25.5,169.42,3.27,2,2,127,0
6/21/2023 20:30,25.5,169.9,3.26,2,2,128,0
6/21/2023 20:30,25.5,170.39,3.27,2,2,129,0
6/21/2023 20:30,25.5,170.87,3.26,2,2,130,0
6/21/2023 20:30,25.5,171.47,3.27,2,2,131,0
6/21/2023 20:30,25.5,171.96,3.27,2,2,132,0
6/21/2023 20:30,25.5,172.44,3.27,2,2,133,0
6/21/2023 20:30,25.5,172.92,3.27,2,2,134,0
6/21/2023 20:30,25.5,173.41,3.27,2,2,135,0
6/21/2023 20:30,25.5,173.89,3.26,2,2,136,0
6/21/2023 20:30,25.5,174.37,3.27,2,2,137,0
6/21/2023 20:31,25.5,174.86,3.27,2,2,138,0
6/21/2023 20:31,25.5,175.46,3.27,2,2,139,0
6/21/2023 20:31,25.5,176.06,3.27,2,2,140,0
6/21/2023 20:31,25.5,176.54,3.27,2,2,141,0
6/21/2023 20:31,25.5,177.02,3.27,2,2,142,0
6/21/2023 20:31,25.5,177.51,3.27,2,2,143,0
6/21/2023 20:31,25.5,177.99,3.27,2,2,144,0
6/21/2023 20:31,25.5,178.47,3.27,2,2,145,0
6/21/2023 20:31,25.5,179.07,3.26,2,2,146,0
6/21/2023 20:31,25.5,179.56,3.27,2,2,147,0
6/21/2023 20:31,25.5,180.15,3.27,2,2,148,0
6/21/2023 20:32,25.5,180.87,3.26,2,2,149,0
6/21/2023 21:18,25.5,207.74,3.27,2,2,150,0
6/21/2023 21:18,25.5,208.22,3.27,2,2,151,0
6/21/2023 21:18,25.5,208.71,3.27,2,2,152,0
6/21/2023 21:18,25.5,209.21,3.27,2,2,153,0
6/21/2023 21:18,25.5,209.69,3.27,2,2,154,0
6/21/2023 21:18,25.5,210.18,3.26,2,2,155,0
6/21/2023 21:18,25.5,210.66,3.26,2,2,156,0
6/21/2023 21:18,25.5,211.15,3.27,2,2,157,0
6/21/2023 21:18,25.5,211.63,3.27,2,2,158,0
6/21/2023 21:18,25.5,212.12,3.26,2,2,159,0
6/21/2023 21:18,25.5,212.6,3.26,2,2,160,0
6/21/2023 21:18,25.5,213.08,3.27,2,2,161,0
6/21/2023 21:18,25.5,213.57,3.27,2,2,162,0
6/21/2023 21:18,25.5,214.05,3.26,2,2,163,0
6/21/2023 21:18,25.5,214.53,3.27,2,2,164,0
6/21/2023 21:19,25.5,215.02,3.27,2,2,165,0
6/21/2023 21:19,25.5,215.73,3.27,2,2,166,0
6/21/2023 21:19,25.5,216.33,3.27,2,2,167,0
6/21/2023 21:19,25.5,216.81,3.27,2,2,168,0
6/21/2023 21:19,25.5,217.3,3.27,2,2,169,0
6/21/2023 21:19,25.5,217.78,3.27,2,2,170,0
6/21/2023 21:19,25.5,218.26,3.27,2,2,171,0
6/21/2023 21:19,25.5,218.86,3.26,2,2,172,0
6/21/2023 21:20,25.5,219.46,3.27,2,2,173,0
6/21/2023 21:20,25.5,219.94,3.27,2,2,174,0
6/21/2023 21:20,25.5,220.54,3.27,2,2,175,0
6/21/2023 21:20,25.5,221.03,3.27,2,2,176,0
6/21/2023 21:20,25.5,221.51,3.27,2,2,177,0
6/21/2023 21:20,25.5,222.11,3.27,2,2,178,0
6/21/2023 21:34,25.25,241.23,3.27,2,2,178,0
6/21/2023 21:34,25.25,241.66,3.27,2,2,179,0
6/21/2023 21:50,25,251.13,3.26,2,2,180,0
6/21/2023 21:50,25,251.61,3.26,2,2,181,0
6/21/2023 21:50,25,252.1,3.27,2,2,182,0
6/21/2023 21:50,25,252.69,3.26,2,2,183,0
6/21/2023 21:50,25,253.18,3.27,2,2,184,0
6/21/2023 21:50,25,253.78,3.26,2,2,185,0
6/21/2023 21:50,25,254.26,3.26,2,2,186,0
6/21/2023 21:50,25,254.75,3.26,2,2,187,0
6/21/2023 23:00,25.5,294.7,3.27,2,2,188,0
6/21/2023 23:03,25.25,308.02,3.27,2,2,188,0
6/21/2023 23:03,25.25,308.45,3.27,2,2,189,0
6/21/2023 23:08,25.25,311.07,3.27,2,3,189,0
6/21/2023 23:08,25.25,311.55,3.27,2,4,189,0
6/21/2023 23:11,25.25,314.22,3.26,2,4,190,0
6/21/2023 23:11,25.25,314.7,3.26,2,4,191,0
6/21/2023 23:11,25.25,315.19,3.27,2,4,192,0
6/21/2023 23:11,25.25,315.68,3.27,2,4,193,0
6/21/2023 23:11,25.25,316.16,3.27,2,4,194,0
6/21/2023 23:11,25.25,316.64,3.26,2,4,195,0
6/21/2023 23:11,25.25,317.24,3.27,2,4,196,0
6/21/2023 23:12,25.25,317.7,3.27,2,5,196,0
6/21/2023 23:12,25.25,318.18,3.27,2,6,196,0
6/21/2023 23:12,25.25,318.89,3.26,2,7,196,0
6/21/2023 23:14,25.25,321.31,3.28,6,8,196,0
6/21/2023 23:21,25.25,336.82,3.28,6,8,196,0
6/21/2023 23:21,25.25,337.25,3.27,6,8,197,0
6/22/2023 0:11,25,366.17,3.27,6,8,198,0
6/22/2023 0:11,25,366.76,3.27,6,8,199,0
6/22/2023 0:11,25,367.25,3.26,6,8,200,0
6/22/2023 0:11,25,367.85,3.27,6,8,201,0
6/22/2023 0:11,25,368.33,3.27,6,8,202,0
6/22/2023 0:11,25,368.81,3.26,6,8,203,0
6/22/2023 0:11,25,369.31,3.27,6,8,204,0
6/22/2023 0:11,25,369.81,3.27,6,8,205,0
6/22/2023 0:11,25,370.4,3.26,6,8,206,0
6/22/2023 0:11,25,370.89,3.26,6,8,207,0
6/22/2023 0:11,25,371.37,3.26,6,8,208,0
6/22/2023 0:11,25,371.86,3.27,6,8,209,0
6/22/2023 0:11,25,372.34,3.27,6,8,210,0
6/22/2023 0:11,25,372.82,3.27,6,8,211,0
6/22/2023 0:11,25,373.31,3.26,6,8,212,0
6/22/2023 0:11,25,373.79,3.27,6,8,213,0
6/22/2023 0:11,25,374.28,3.26,6,8,214,0
6/22/2023 0:12,25,374.76,3.26,6,8,215,0
6/22/2023 0:12,25,375.25,3.27,6,8,216,0
6/22/2023 0:12,25,375.96,3.26,6,8,217,0
6/22/2023 0:12,25,376.55,3.26,6,8,218,0
6/22/2023 0:12,25,377.04,3.26,6,8,219,0
6/22/2023 0:12,25,377.52,3.27,6,8,220,0
6/22/2023 0:12,25,378,3.26,6,8,221,0
6/22/2023 0:12,25,378.49,3.26,6,8,222,0
6/22/2023 0:13,25,389.99,3.26,6,8,222,0
6/22/2023 0:13,25,390.42,3.26,6,8,223,0
6/22/2023 1:47,25,444.45,3.27,6,9,223,0
6/22/2023 1:47,25,444.94,3.27,6,10,223,0
6/22/2023 1:48,25,448.12,3.26,12,10,224,0
6/22/2023 1:48,25,448.72,3.26,12,10,225,0
6/22/2023 1:48,25,449.31,3.26,12,10,226,0
6/22/2023 1:48,25,449.8,3.26,12,10,227,0
6/22/2023 1:49,25,450.39,3.27,12,10,228,0
6/22/2023 1:49,25,450.88,3.26,12,10,229,0
6/22/2023 1:49,25,451.36,3.25,12,10,230,0
6/22/2023 1:49,25,451.85,3.27,12,10,231,0
6/22/2023 1:49,25,452.33,3.27,12,10,232,0
6/22/2023 1:49,25,452.81,3.27,12,10,233,0
6/22/2023 1:49,25,453.3,3.27,12,10,234,0
6/22/2023 1:49,25,453.78,3.26,12,10,235,0
6/22/2023 1:49,25,454.27,3.26,12,10,236,0
6/22/2023 1:49,25,454.75,3.26,12,10,237,0
6/22/2023 1:49,25,455.24,3.26,12,10,238,0
6/22/2023 1:49,25,455.72,3.26,12,10,239,0
6/22/2023 1:49,25,456.2,3.26,12,10,240,0
6/22/2023 1:49,25,456.69,3.26,12,10,241,0
6/22/2023 1:49,25,457.29,3.26,12,10,242,0
6/22/2023 1:49,25,457.77,3.27,12,10,243,0
6/22/2023 1:49,25,458.25,3.27,12,10,244,0
6/22/2023 1:49,25,458.85,3.26,12,10,245,0
6/22/2023 1:51,25,460.13,3.26,12,10,246,0
6/22/2023 1:58,25,475.73,3.26,12,10,246,0
6/22/2023 1:58,25,476.16,3.26,12,10,247,0
6/22/2023 2:05,25,480.17,3.26,12,10,248,0
6/22/2023 2:16,25,498.15,3.26,12,10,248,0
6/22/2023 2:16,25,498.58,3.27,12,10,249,0
6/22/2023 3:41,25,547.07,3.27,12,10,250,0
6/22/2023 3:41,25,547.66,3.27,12,10,251,0
6/22/2023 3:41,25,548.15,3.26,12,10,252,0
6/22/2023 3:41,25,548.63,3.26,12,10,253,0
6/22/2023 3:41,25,549.12,3.26,12,10,254,0
6/22/2023 3:41,25,549.71,3.27,12,10,255,0
6/22/2023 3:41,25,550.2,3.27,12,10,256,0
6/22/2023 3:41,25,550.68,3.26,12,10,257,0
6/22/2023 3:41,25,551.17,3.26,12,10,258,0
6/22/2023 3:41,25,551.66,3.26,12,10,259,0
6/22/2023 3:42,25,552.27,3.26,12,10,260,0
6/22/2023 3:42,25,552.87,3.26,12,10,261,0
6/22/2023 3:42,25,553.47,3.26,12,10,262,0
6/22/2023 3:42,25,554.06,3.26,12,10,263,0
6/22/2023 3:42,25,554.55,3.27,12,10,264,0
6/22/2023 3:42,25,555.03,3.27,12,10,265,0
6/22/2023 3:42,25,555.51,3.26,12,10,266,0
6/22/2023 3:42,25,556,3.26,12,10,267,0
6/22/2023 3:42,25,556.49,3.27,12,10,268,0
6/22/2023 3:42,25,556.97,3.26,12,10,269,0
6/22/2023 3:42,25,557.45,3.27,12,10,270,0
6/22/2023 3:42,25,557.94,3.26,12,10,271,0
6/22/2023 3:42,25,558.42,3.27,12,10,272,0
6/22/2023 3:42,25,558.91,3.26,12,10,273,0
6/22/2023 3:43,25,559.5,3.26,12,10,274,0
6/22/2023 3:43,25,559.99,3.26,12,10,275,0
6/22/2023 3:43,25,560.47,3.27,12,10,276,0
6/22/2023 3:43,25,560.98,3.26,12,10,277,0
6/22/2023 3:43,25,561.47,3.26,12,10,278,0
6/22/2023 3:43,25,561.95,3.27,12,10,279,0
6/22/2023 5:04,25,608.73,3.27,12,10,280,0
6/22/2023 5:04,25,609.21,3.26,12,10,281,0
6/22/2023 5:04,25,609.69,3.26,12,10,282,0
6/22/2023 5:04,25,610.18,3.26,12,10,283,0
6/22/2023 5:20,25,620.17,3.27,15,11,283,0
6/22/2023 5:20,25,621.64,3.25,17,11,284,0
6/22/2023 5:20,25,621.99,3.27,17,12,284,0
6/22/2023 5:20,25,622.48,3.27,17,13,284,0
6/22/2023 5:27,25,627.82,3.26,19,13,285,0
6/22/2023 5:42,25,636.94,3.26,19,13,286,0
6/22/2023 5:44,25,639.19,3.27,21,13,287,0
6/22/2023 6:26,24.5,663.33,3.27,21,13,288,0
6/22/2023 6:26,24.5,663.82,3.26,21,13,289,0
6/22/2023 6:26,24.5,664.3,3.26,21,13,290,0
6/22/2023 6:26,24.5,664.9,3.25,21,13,291,0
6/22/2023 6:26,24.5,665.38,3.26,21,13,292,0
6/22/2023 6:26,24.5,665.98,3.27,21,13,293,0
6/22/2023 6:26,24.5,666.47,3.26,21,13,294,0
6/22/2023 6:26,24.5,666.95,3.26,21,13,295,0
6/22/2023 6:26,24.5,667.43,3.27,21,13,296,0
6/22/2023 6:26,24.5,667.92,3.26,21,13,297,0
6/22/2023 6:26,24.5,668.4,3.27,21,13,298,0
6/22/2023 6:26,24.5,668.88,3.26,21,13,299,0
6/22/2023 6:26,24.5,669.37,3.26,21,13,300,0
6/22/2023 6:26,24.5,669.97,3.26,21,13,301,0
6/22/2023 6:29,24.5,671.82,3.27,21,13,302,0
6/22/2023 6:29,24.5,672.3,3.26,21,13,303,0
6/22/2023 6:29,24.5,672.78,3.26,21,13,304,0
6/22/2023 6:29,24.5,673.38,3.26,21,13,305,0
6/22/2023 6:29,24.5,673.87,3.26,21,13,306,0
6/22/2023 6:30,24.5,674.58,3.24,21,13,307,0
6/22/2023 6:30,24.5,675.06,3.26,21,13,308,0
6/22/2023 6:30,24.5,675.54,3.26,21,13,309,0
6/22/2023 6:30,24.5,676.03,3.26,21,13,310,0
6/22/2023 6:30,24.5,676.51,3.27,21,13,311,0
6/22/2023 6:30,24.5,677,3.26,21,13,312,0
6/22/2023 6:33,24.5,679.53,3.26,21,13,313,0
6/22/2023 7:20,25,706.04,3.27,21,14,313,0
6/22/2023 7:35,25,726.72,3.27,23,14,313,0
6/22/2023 7:35,25,727.14,3.27,23,14,314,0
6/22/2023 7:43,25,732.53,3.26,23,14,315,0
6/22/2023 7:43,25,733.03,3.26,23,14,316,0
6/22/2023 7:43,25,733.51,3.27,23,14,317,0
6/22/2023 7:43,25,734,3.26,23,14,318,0
6/22/2023 7:43,25,734.48,3.27,23,14,319,0
6/22/2023 7:52,25,750.87,3.27,23,14,319,0
6/22/2023 7:52,25,751.3,3.26,23,14,320,0
6/22/2023 12:27,24.5,908.18,3.26,23,14,321,0
6/22/2023 12:40,24.5,926.85,3.26,23,14,321,0
6/22/2023 12:40,24.5,927.28,3.25,23,14,322,0
6/22/2023 14:36,24.5,993.39,3.26,23,14,323,0
6/22/2023 14:36,24.5,993.99,3.27,23,14,324,0
6/22/2023 14:36,24.5,994.48,3.26,23,14,325,0
6/22/2023 14:36,24.5,994.96,3.26,23,14,326,0
6/22/2023 14:36,24.5,995.44,3.26,23,14,327,0
6/22/2023 14:36,24.5,995.93,3.25,23,14,328,0
6/22/2023 14:36,24.5,996.41,3.27,23,14,329,0
6/22/2023 14:36,24.5,996.89,3.26,23,14,330,0
6/22/2023 14:36,24.5,997.38,3.26,23,14,331,0
6/22/2023 14:36,24.5,997.86,3.27,23,14,332,0
6/22/2023 14:37,24.5,998.46,3.26,23,14,333,0
6/22/2023 14:37,24.5,998.95,3.26,23,14,334,0
6/22/2023 14:37,24.5,999.43,3.26,23,14,335,0
6/22/2023 14:37,24.5,999.91,3.25,23,14,336,0
6/22/2023 14:37,24.5,1000.4,3.27,23,14,337,0
6/22/2023 14:37,24.5,1000.88,3.26,23,14,338,0
6/22/2023 14:37,24.5,1001.37,3.26,23,14,339,0
6/22/2023 14:38,24.5,1002.31,3.26,23,14,340,0
6/22/2023 14:38,24.5,1003.02,3.26,23,14,341,0
6/22/2023 14:45,24.5,1018.38,3.26,23,14,341,0
6/22/2023 14:45,24.5,1018.82,3.26,23,14,342,0
6/22/2023 17:16,24.5,1105.06,3.26,23,14,343,0
6/22/2023 17:17,24.5,1105.52,3.27,23,15,343,0
6/22/2023 18:41,25.25,1154.48,3.26,23,15,344,0
6/22/2023 18:41,25.25,1154.97,3.27,23,15,345,0
6/22/2023 18:41,25.25,1155.45,3.27,23,15,346,0
6/22/2023 18:42,25.25,1156.05,3.27,23,15,347,0
6/22/2023 18:42,25.25,1156.53,3.26,23,15,348,0
6/22/2023 18:42,25.25,1157.02,3.27,23,15,349,0
6/22/2023 18:42,25.25,1157.51,3.27,23,15,350,0
6/22/2023 18:42,25.25,1157.99,3.26,23,15,351,0
6/22/2023 18:42,25.25,1158.47,3.27,23,15,352,0
6/22/2023 18:42,25.25,1158.96,3.27,23,15,353,0
6/22/2023 18:42,25.25,1159.44,3.27,23,15,354,0
6/22/2023 18:42,25.25,1160.04,3.27,23,15,355,0
6/22/2023 18:42,25.25,1160.52,3.27,23,15,356,0
6/22/2023 18:42,25.25,1161.01,3.26,23,15,357,0
6/22/2023 18:42,25.25,1161.6,3.27,23,15,358,0
6/22/2023 18:42,25.25,1162.09,3.27,23,15,359,0
6/22/2023 18:42,25.25,1162.69,3.26,23,15,360,0
6/22/2023 18:42,25.25,1163.17,3.26,23,15,361,0
6/22/2023 18:43,25.25,1163.77,3.26,23,15,362,0
6/22/2023 18:43,25.25,1164.25,3.27,23,15,363,0
6/22/2023 18:43,25.25,1164.74,3.27,23,15,364,0
6/22/2023 18:43,25.25,1165.22,3.26,23,15,365,0
6/22/2023 18:43,25.25,1165.7,3.27,23,15,366,0
6/22/2023 18:43,25.25,1166.19,3.27,23,15,367,0
6/22/2023 19:32,25.25,1194.4,3.28,23,16,367,0
6/22/2023 19:32,25.25,1194.89,3.28,23,17,367,0
6/22/2023 19:33,25.25,1196.3,3.26,23,17,368,0
6/22/2023 19:33,25.25,1196.8,3.27,23,17,369,0
6/22/2023 19:35,25.25,1198.21,3.28,24,18,369,0
6/22/2023 19:48,25.25,1219,3.26,28,18,369,0
6/22/2023 19:49,25.25,1219.6,3.26,28,18,370,0
6/22/2023 19:49,25.25,1220.08,3.26,28,18,371,0
6/22/2023 19:49,25.25,1220.57,3.27,28,18,372,0
6/22/2023 19:49,25.25,1221.05,3.26,28,18,373,0
6/22/2023 19:49,25.25,1221.54,3.27,28,18,374,0
6/22/2023 19:49,25.25,1222.02,3.26,28,18,375,0
6/22/2023 19:49,25.25,1222.51,3.27,28,18,376,0
6/22/2023 19:49,25.25,1222.99,3.27,28,18,377,0
6/22/2023 19:49,25.25,1223.59,3.26,28,18,378,0
6/22/2023 19:49,25.25,1224.07,3.27,28,18,379,0
6/22/2023 19:49,25.25,1224.56,3.27,28,18,380,0
6/22/2023 19:49,25.25,1225.04,3.27,28,18,381,0
6/22/2023 19:49,25.25,1225.53,3.26,28,18,382,0
6/22/2023 19:49,25.25,1226.13,3.27,28,18,383,0
6/22/2023 19:49,25.25,1226.61,3.27,28,18,384,0
6/22/2023 19:49,25.25,1227.09,3.27,28,18,385,0
6/22/2023 19:49,25.25,1227.58,3.27,28,18,386,0
6/22/2023 19:49,25.25,1228.06,3.27,28,18,387,0
6/22/2023 19:50,25.25,1228.66,3.27,28,18,388,0
6/22/2023 19:50,25.25,1229.14,3.27,28,18,389,0
6/22/2023 19:53,25.25,1231.22,3.26,28,18,390,0
6/22/2023 19:53,25.25,1231.71,3.26,28,18,391,0
6/22/2023 20:34,25.25,1255.86,3.27,29,19,391,0
6/22/2023 20:34,25.25,1256.45,3.27,29,20,391,0
6/22/2023 20:41,25.25,1272.24,3.27,31,20,391,0
6/22/2023 21:25,25,1297.98,3.26,31,20,392,0
6/22/2023 21:25,25,1298.46,3.26,31,20,393,0
6/22/2023 21:25,25,1298.94,3.26,31,20,394,0
6/22/2023 21:25,25,1299.54,3.26,31,20,395,0
6/22/2023 21:25,25,1300.03,3.27,31,20,396,0
6/22/2023 21:25,25,1300.51,3.26,31,20,397,0
6/22/2023 21:25,25,1301,3.26,31,20,398,0
6/22/2023 21:25,25,1301.48,3.26,31,20,399,0
6/22/2023 21:25,25,1301.97,3.26,31,20,400,0
6/22/2023 21:26,25,1302.56,3.26,31,20,401,0
6/22/2023 21:26,25,1303.16,3.26,31,20,402,0
6/22/2023 21:26,25,1303.64,3.27,31,20,403,0
6/22/2023 21:26,25,1304.13,3.26,31,20,404,0
6/22/2023 21:26,25,1304.73,3.26,31,20,405,0
6/22/2023 21:26,25,1305.33,3.26,31,20,406,0
6/22/2023 21:26,25,1305.81,3.26,31,20,407,0
6/22/2023 21:26,25,1306.3,3.27,31,20,408,0
6/22/2023 21:26,25,1306.78,3.25,31,20,409,0
6/22/2023 21:26,25,1307.26,3.26,31,20,410,0
6/22/2023 21:26,25,1307.75,3.26,31,20,411,0
6/22/2023 21:26,25,1308.23,3.26,31,20,412,0
6/22/2023 21:27,25,1308.94,3.26,31,20,413,0
6/22/2023 22:02,25,1329.56,3.25,31,20,414,0
6/22/2023 22:03,25,1330.27,3.25,31,20,415,0
6/22/2023 22:06,25,1332.83,3.27,32,20,416,0
6/22/2023 22:06,25,1333.32,3.26,32,20,417,0
6/22/2023 22:08,25,1346.18,3.26,32,20,417,0
6/22/2023 22:08,25,1346.61,3.26,32,20,418,0
6/22/2023 22:10,25,1348,3.27,32,20,419,0
6/22/2023 22:10,25,1348.49,3.26,32,20,420,0
6/22/2023 22:10,25,1349.08,3.27,32,20,421,0
6/22/2023 22:10,25,1349.57,3.27,32,20,422,0
6/22/2023 22:10,25,1350.07,3.26,32,20,423,0
6/22/2023 22:10,25,1350.56,3.27,32,20,424,0
6/22/2023 22:10,25,1351.04,3.27,32,20,425,0
6/22/2023 22:10,25,1351.53,3.26,32,20,426,0
6/22/2023 22:10,25,1352.01,3.27,32,20,427,0
6/22/2023 22:10,25,1352.5,3.26,32,20,428,0
6/22/2023 22:11,25,1353.21,3.26,32,20,429,0
6/22/2023 22:11,25,1353.69,3.26,32,20,430,0
6/22/2023 22:11,25,1354.17,3.26,32,20,431,0
6/22/2023 22:11,25,1354.78,3.27,32,20,432,0
6/22/2023 23:04,25,1385.51,3.26,32,20,433,0
6/22/2023 23:04,25,1386,3.27,32,20,434,0
6/23/2023 0:29,25,1434.71,3.26,32,20,435,0
6/23/2023 0:29,25,1435.19,3.26,32,20,436,0
6/23/2023 0:30,25,1436.02,3.26,32,20,437,0
6/23/2023 0:30,25,1436.61,3.26,32,20,438,0
6/23/2023 0:30,25,1437.1,3.26,32,20,439,0
6/23/2023 0:30,25,1437.58,3.26,32,20,440,0
6/23/2023 0:30,25,1438.07,3.26,32,20,441,0
6/23/2023 0:30,25,1438.55,3.26,32,20,442,0
6/23/2023 0:30,25,1438.9,3.27,32,21,442,0
6/23/2023 0:31,25,1450.54,3.27,32,21,442,0
6/23/2023 0:31,25,1450.96,3.26,32,21,443,0
6/23/2023 0:31,25,1451.45,3.26,32,21,444,0
6/23/2023 0:31,25,1451.93,3.27,32,21,445,0
6/23/2023 0:31,25,1452.42,3.27,32,21,446,0
6/23/2023 0:31,25,1452.9,3.26,32,21,447,0
6/23/2023 0:31,25,1453.38,3.26,32,21,448,0
6/23/2023 0:31,25,1453.87,3.27,32,21,449,0
6/23/2023 0:31,25,1454.35,3.26,32,21,450,0
6/23/2023 0:31,25,1454.84,3.26,32,21,451,0
6/23/2023 0:31,25,1455.44,3.26,32,21,452,0
6/23/2023 0:31,25,1456.03,3.26,32,21,453,0
6/23/2023 0:31,25,1456.52,3.27,32,21,454,0
6/23/2023 0:31,25,1457,3.27,32,21,455,0
6/23/2023 0:31,25,1457.48,3.27,32,21,456,0
6/23/2023 0:31,25,1457.97,3.26,32,21,457,0
6/23/2023 0:38,25,1462.44,3.26,32,21,458,0
6/23/2023 0:38,25,1462.92,3.26,32,21,459,0
6/23/2023 0:50,25,1470,3.26,32,21,460,0
6/23/2023 1:05,25,1490.03,3.26,32,21,460,0
6/23/2023 1:05,25,1490.46,3.26,32,21,461,0
6/23/2023 1:06,25,1490.94,3.26,32,21,462,0
6/23/2023 1:06,25,1491.43,3.26,32,21,463,0
6/23/2023 1:06,25,1491.91,3.26,32,21,464,0
6/23/2023 1:06,25,1492.4,3.27,32,21,465,0
6/23/2023 1:06,25,1493,3.26,32,21,466,0
6/23/2023 1:06,25,1493.48,3.27,32,21,467,0
6/23/2023 1:06,25,1493.96,3.26,32,21,468,0
6/23/2023 1:06,25,1494.45,3.26,32,21,469,0
6/23/2023 1:06,25,1495.05,3.26,32,21,470,0
6/23/2023 1:06,25,1495.53,3.26,32,21,471,0
6/23/2023 1:06,25,1496.01,3.26,32,21,472,0
6/23/2023 1:06,25,1496.5,3.26,32,21,473,0
6/23/2023 1:43,25,1517.79,3.26,32,21,474,0
6/23/2023 1:43,25,1518.28,3.25,32,21,475,0
6/23/2023 2:39,24.5,1550.84,3.26,32,21,476,0
6/23/2023 2:39,24.5,1551.32,3.26,32,21,477,0
6/23/2023 2:39,24.5,1551.81,3.26,32,21,478,0
6/23/2023 2:48,25,1557.18,3.26,32,21,479,0
6/23/2023 2:48,25,1557.64,3.27,32,22,479,0
6/23/2023 2:49,25,1558.97,3.27,32,22,480,0
6/23/2023 2:49,25,1559.2,3.27,32,23,480,0
6/23/2023 2:49,25,1559.68,3.27,32,24,480,0
6/23/2023 2:49,25,1560.17,3.28,32,25,480,0
6/23/2023 2:52,25,1573.06,3.28,32,25,480,0
6/23/2023 2:52,25,1573.49,3.27,32,25,481,0
6/23/2023 3:08,25,1583.18,3.26,32,25,482,0
6/23/2023 3:10,25,1595.48,3.26,32,25,482,0
6/23/2023 3:10,25,1595.91,3.26,32,25,483,0
6/23/2023 3:14,25,1598.44,3.25,32,25,484,0
6/23/2023 3:14,25,1598.92,3.26,32,25,485,0
6/23/2023 3:14,25,1599.41,3.26,32,25,486,0
6/23/2023 3:14,25,1599.9,3.26,32,25,487,0
6/23/2023 3:14,25,1600.49,3.27,32,25,488,0
6/23/2023 3:14,25,1600.98,3.27,32,25,489,0
6/23/2023 3:14,25,1601.46,3.27,32,25,490,0
6/23/2023 3:14,25,1601.94,3.26,32,25,491,0
6/23/2023 3:14,25,1602.43,3.26,32,25,492,0
6/23/2023 3:14,25,1603.02,3.26,32,25,493,0
6/23/2023 3:14,25,1603.51,3.26,32,25,494,0
6/23/2023 3:14,25,1604.1,3.26,32,25,495,0
6/23/2023 3:15,25,1604.59,3.26,32,25,496,0
6/23/2023 3:15,25,1605.08,3.26,32,25,497,0
6/23/2023 3:15,25,1605.56,3.26,32,25,498,0
6/23/2023 3:15,25,1606.04,3.26,32,25,499,0
6/23/2023 3:15,25,1606.53,3.27,32,25,500,0
6/23/2023 3:15,25,1607.01,3.27,32,25,501,0
6/23/2023 3:15,25,1607.5,3.26,32,25,502,0
6/23/2023 3:15,25,1607.98,3.27,32,25,503,0
6/23/2023 5:35,24.5,1688.08,3.26,32,25,504,0
6/23/2023 5:51,24.5,1708.34,3.26,32,25,504,0
6/23/2023 5:51,24.5,1708.77,3.26,32,25,505,0
6/23/2023 6:09,24.5,1731.9,3.27,37,25,505,0
6/23/2023 6:09,24.5,1732.33,3.26,37,25,506,0
6/23/2023 6:10,24.5,1733.61,3.26,37,25,507,0
6/23/2023 6:10,24.5,1734.1,3.26,37,25,508,0
6/23/2023 6:10,24.5,1734.58,3.26,37,25,509,0
6/23/2023 6:10,24.5,1735.18,3.26,37,25,510,0
6/23/2023 6:10,24.5,1735.77,3.26,37,25,511,0
6/23/2023 6:10,24.5,1736.26,3.26,37,25,512,0
6/23/2023 6:11,24.5,1736.75,3.26,37,25,513,0
6/23/2023 6:11,24.5,1737.34,3.26,37,25,514,0
6/23/2023 6:11,24.5,1737.94,3.27,37,25,515,0
6/23/2023 6:11,24.5,1738.42,3.26,37,25,516,0
6/23/2023 6:11,24.5,1738.91,3.26,37,25,517,0
6/23/2023 6:11,24.5,1739.39,3.26,37,25,518,0
6/23/2023 6:11,24.5,1739.99,3.26,37,25,519,0
6/23/2023 6:11,24.5,1740.47,3.27,37,25,520,0
6/23/2023 6:11,24.5,1741.07,3.26,37,25,521,0
6/23/2023 6:11,24.5,1741.56,3.26,37,25,522,0
6/23/2023 6:14,24.5,1743.29,3.26,37,25,523,0
6/23/2023 6:14,24.5,1743.78,3.26,37,25,524,0
6/23/2023 6:16,24.5,1745.88,3.26,38,25,525,0
6/23/2023 6:37,25,1758.2,3.26,38,25,526,0
6/23/2023 6:43,25,1772.99,3.26,38,25,526,0
6/23/2023 6:43,25,1773.42,3.27,38,25,527,0
6/23/2023 7:52,25,1813.37,3.25,38,25,528,0
6/23/2023 7:55,25,1826.13,3.25,38,25,528,0
6/23/2023 7:55,25,1826.56,3.26,38,25,529,0
6/23/2023 10:44,25.25,1923.15,3.26,38,25,530,0
6/23/2023 10:44,25.25,1923.66,3.27,38,25,531,0
6/23/2023 10:44,25.25,1924.15,3.27,38,25,532,0
6/23/2023 10:44,25.25,1924.63,3.26,38,25,533,0
6/23/2023 10:44,25.25,1925.11,3.26,38,25,534,0
6/23/2023 10:44,25.25,1925.6,3.27,38,25,535,0
6/23/2023 10:44,25.25,1926.2,3.27,38,25,536,0
6/23/2023 10:44,25.25,1926.68,3.27,38,25,537,0
6/23/2023 10:44,25.25,1927.18,3.27,38,25,538,0
6/23/2023 10:44,25.25,1927.66,3.27,38,25,539,0
6/23/2023 10:44,25.25,1928.14,3.26,38,25,540,0
6/23/2023 10:45,25.25,1928.63,3.27,38,25,541,0
6/23/2023 10:45,25.25,1929.11,3.26,38,25,542,0
6/23/2023 10:45,25.25,1929.6,3.27,38,25,543,0
6/23/2023 10:45,25.25,1930.08,3.27,38,25,544,0
6/23/2023 10:45,25.25,1930.56,3.27,38,25,545,0
6/23/2023 10:45,25.25,1931.05,3.27,38,25,546,0
6/23/2023 10:45,25.25,1931.54,3.27,38,25,547,0
6/23/2023 10:45,25.25,1932.03,3.27,38,25,548,0
6/23/2023 10:45,25.25,1932.51,3.27,38,25,549,0
6/23/2023 13:38,25.25,2031.27,3.27,38,25,550,0
6/23/2023 13:38,25.25,2031.75,3.27,38,25,551,0
6/23/2023 13:38,25.25,2032.24,3.27,38,25,552,0
6/23/2023 13:38,25.25,2032.83,3.26,38,25,553,0
6/23/2023 13:38,25.25,2033.32,3.27,38,25,554,0
6/23/2023 13:38,25.25,2033.8,3.27,38,25,555,0
6/23/2023 13:38,25.25,2034.29,3.26,38,25,556,0
6/23/2023 13:38,25.25,2034.77,3.27,38,25,557,0
6/23/2023 13:38,25.25,2035.37,3.27,38,25,558,0
6/23/2023 13:38,25.25,2035.85,3.26,38,25,559,0
6/23/2023 13:39,25.25,2036.79,3.27,38,25,560,0
6/23/2023 13:39,25.25,2037.28,3.27,38,25,561,0
6/23/2023 13:39,25.25,2037.76,3.27,38,25,562,0
6/23/2023 13:53,25.25,2056.77,3.27,38,25,562,0
6/23/2023 13:53,25.25,2057.2,3.27,38,25,563,0
6/23/2023 15:55,25.25,2127.29,3.27,38,25,564,0
6/23/2023 15:55,25.25,2127.78,3.27,38,25,565,0
6/23/2023 15:58,25,2130.08,3.26,38,25,566,0
6/23/2023 15:59,25,2141.47,3.26,38,25,566,0
6/23/2023 15:59,25,2141.9,3.27,38,25,567,0
6/23/2023 15:59,25,2142.49,3.27,38,25,568,0
6/23/2023 16:17,25,2163.89,3.27,38,25,568,0
6/23/2023 16:17,25,2164.32,3.26,38,25,569,0
6/23/2023 17:27,25.25,2204.72,3.27,38,25,570,0
6/23/2023 17:27,25.25,2205.21,3.27,38,25,571,0
6/23/2023 17:27,25.25,2205.69,3.27,38,25,572,0
6/23/2023 17:27,25.25,2206.18,3.27,38,25,573,0
6/23/2023 17:27,25.25,2206.66,3.26,38,25,574,0
6/23/2023 17:27,25.25,2207.15,3.26,38,25,575,0
6/23/2023 17:27,25.25,2207.63,3.26,38,25,576,0
6/23/2023 17:27,25.25,2208.11,3.27,38,25,577,0
6/23/2023 17:27,25.25,2208.6,3.27,38,25,578,0
6/23/2023 17:27,25.25,2209.08,3.27,38,25,579,0
6/23/2023 17:27,25.25,2209.57,3.27,38,25,580,0
6/23/2023 17:27,25.25,2210.05,3.27,38,25,581,0
6/23/2023 17:27,25.25,2210.65,3.27,38,25,582,0
6/23/2023 17:27,25.25,2211.13,3.27,38,25,583,0
6/23/2023 17:27,25.25,2211.62,3.26,38,25,584,0
6/23/2023 17:28,25.25,2223.01,3.26,38,25,584,0
6/23/2023 17:28,25.25,2223.43,3.26,38,25,585,0
6/23/2023 17:28,25.25,2223.92,3.27,38,25,586,0
6/23/2023 17:28,25.25,2224.51,3.27,38,25,587,0
6/23/2023 17:28,25.25,2225.03,3.27,38,25,588,0
6/23/2023 17:28,25.25,2225.51,3.27,38,25,589,0
6/23/2023 17:28,25.25,2225.99,3.26,38,25,590,0
6/23/2023 17:28,25.25,2226.48,3.26,38,25,591,0
6/23/2023 17:28,25.25,2226.96,3.27,38,25,592,0
6/23/2023 17:28,25.25,2227.56,3.26,38,25,593,0
6/23/2023 17:28,25.25,2228.04,3.27,38,25,594,0
6/23/2023 17:28,25.25,2228.53,3.26,38,25,595,0
6/23/2023 17:28,25.25,2229.01,3.26,38,25,596,0
6/23/2023 17:28,25.25,2229.5,3.27,38,25,597,0
6/23/2023 17:29,25.25,2229.98,3.27,38,25,598,0
6/23/2023 17:29,25.25,2230.46,3.27,38,25,599,0
6/23/2023 17:29,25.25,2230.95,3.27,38,25,600,0
6/23/2023 17:29,25.25,2231.43,3.27,38,25,601,0
6/23/2023 17:29,25.25,2232.03,3.27,38,25,602,0
6/23/2023 17:29,25.25,2232.51,3.27,38,25,603,0
6/23/2023 17:29,25.25,2233,3.27,38,25,604,0
6/23/2023 17:29,25.25,2233.48,3.26,38,25,605,0
6/23/2023 17:29,25.25,2233.97,3.26,38,25,606,0
6/23/2023 17:29,25.25,2234.45,3.27,38,25,607,0
6/23/2023 17:29,25.25,2234.94,3.26,38,25,608,0
6/23/2023 17:44,25.25,2254.85,3.26,38,25,608,0
6/23/2023 17:44,25.25,2255.28,3.27,38,25,609,0
6/23/2023 18:39,25.25,2286.7,3.26,38,25,610,0
6/23/2023 18:39,25.25,2287.19,3.26,38,25,611,0
6/23/2023 18:39,25.25,2287.99,3.26,39,25,612,0
6/23/2023 18:39,25.25,2288.47,3.26,39,25,613,0
6/23/2023 18:39,25,2289.3,3.26,39,25,614,0
6/23/2023 18:40,24.5,2290.35,3.26,39,25,615,0
6/23/2023 18:40,24.5,2290.83,3.25,39,25,616,0
6/23/2023 18:40,24.5,2291.32,3.26,39,25,617,0
6/23/2023 18:40,24.5,2291.8,3.26,39,25,618,0
6/23/2023 18:43,24,2293.53,3.26,39,25,619,0
6/23/2023 18:43,24,2294.02,3.26,39,25,620,0
6/23/2023 18:43,24,2294.62,3.26,39,25,621,0
6/23/2023 18:43,24,2295.1,3.26,39,25,622,0
6/23/2023 18:43,24,2295.59,3.26,39,25,623,0
6/23/2023 18:43,24,2296.07,3.26,39,25,624,0
6/23/2023 18:43,24,2296.67,3.26,39,25,625,0
6/23/2023 18:43,24,2297.15,3.26,39,25,626,0
6/23/2023 18:43,24,2297.64,3.26,39,25,627,0
6/23/2023 18:44,24,2298.23,3.26,39,25,628,0
6/23/2023 18:45,23.75,2299.51,3.26,39,25,629,0
6/23/2023 18:45,23.75,2300,3.25,39,25,630,0
6/23/2023 18:45,23.75,2300.48,3.26,39,25,631,0
6/23/2023 18:45,23.75,2300.97,3.26,39,25,632,0
6/23/2023 18:45,23.75,2301.45,3.26,39,25,633,0
6/23/2023 18:45,23.75,2301.94,3.25,39,25,634,0
6/23/2023 18:45,23.75,2302.42,3.26,39,25,635,0
6/23/2023 18:45,23.75,2302.91,3.26,39,25,636,0
6/23/2023 18:45,23.75,2303.39,3.25,39,25,637,0
6/23/2023 18:45,23.75,2303.87,3.26,39,25,638,0
6/23/2023 18:45,23.75,2304.47,3.26,39,25,639,0
6/23/2023 18:45,23.75,2304.96,3.26,39,25,640,0
6/23/2023 18:45,23.75,2305.44,3.26,39,25,641,0
6/23/2023 18:45,23.75,2305.93,3.25,39,25,642,0
6/23/2023 18:45,23.75,2306.41,3.26,39,25,643,0
6/23/2023 18:45,23.75,2306.89,3.26,39,25,644,0
6/23/2023 18:45,23.75,2307.38,3.26,39,25,645,0
6/23/2023 18:45,23.75,2307.86,3.25,39,25,646,0
6/23/2023 18:45,23.75,2308.37,3.25,39,25,647,0
6/23/2023 18:46,23.75,2308.85,3.25,39,25,648,0
6/23/2023 18:46,23.75,2309.34,3.26,39,25,649,0
6/23/2023 18:46,23.75,2309.82,3.25,39,25,650,0
6/23/2023 18:46,23.75,2310.31,3.26,39,25,651,0
6/23/2023 18:46,23.75,2310.79,3.26,39,25,652,0
6/23/2023 18:46,23.75,2311.39,3.26,39,25,653,0
6/23/2023 18:46,23.75,2311.87,3.26,39,25,654,0
6/23/2023 18:46,23.75,2312.36,3.26,39,25,655,0
6/23/2023 18:46,23.75,2312.84,3.26,39,25,656,0
6/23/2023 18:46,23.75,2313.32,3.24,39,25,657,0
6/23/2023 18:46,23.75,2313.81,3.26,39,25,658,0
6/23/2023 18:49,23.5,2316,3.26,39,25,659,0
6/23/2023 18:49,23.5,2316.6,3.25,39,25,660,0
6/23/2023 18:49,23.5,2317.08,3.25,39,25,661,0
6/23/2023 18:49,23.5,2317.57,3.26,39,25,662,0
6/23/2023 18:49,23.5,2318.05,3.25,39,25,663,0
6/23/2023 18:49,23.5,2318.53,3.25,39,25,664,0
6/23/2023 18:49,23.5,2319.02,3.25,39,25,665,0
6/23/2023 18:49,23.5,2319.5,3.26,39,25,666,0
6/23/2023 18:49,23.5,2319.99,3.26,39,25,667,0
6/23/2023 18:49,23.5,2320.47,3.25,39,25,668,0
6/23/2023 18:50,23.5,2321.07,3.24,39,25,669,0
6/23/2023 18:50,23.5,2321.55,3.25,39,25,670,0
6/23/2023 18:52,23.5,2333.97,3.25,39,25,670,0
6/23/2023 19:11,22.75,2345.48,3.25,39,25,671,0
6/23/2023 19:11,22.75,2345.97,3.25,39,25,672,0
6/23/2023 19:11,22.75,2346.45,3.24,39,25,673,0
6/23/2023 19:11,22.75,2346.93,3.25,39,25,674,0
6/23/2023 19:11,22.75,2347.42,3.25,39,25,675,0
6/23/2023 19:11,22.75,2347.91,3.25,39,25,676,0
6/23/2023 19:11,22.75,2348.39,3.25,39,25,677,0
6/23/2023 19:11,22.75,2348.99,3.25,39,25,678,0
6/23/2023 19:12,22.75,2349.58,3.24,39,25,679,0
6/23/2023 19:12,22.75,2350.07,3.25,39,25,680,0
6/23/2023 19:12,22.75,2350.55,3.25,39,25,681,0
6/23/2023 19:12,22.75,2351.03,3.25,39,25,682,0
6/23/2023 19:12,22.75,2351.52,3.25,39,25,683,0
6/23/2023 19:12,22.75,2352,3.25,39,25,684,0
6/23/2023 19:12,22.75,2352.49,3.25,39,25,685,0
6/23/2023 19:12,22.75,2353.09,3.25,39,25,686,0
6/23/2023 19:25,23,2360.74,3.25,39,25,687,0
6/23/2023 19:25,23,2361.22,3.25,39,25,688,0
6/23/2023 19:25,23,2361.7,3.25,39,25,689,0
6/23/2023 19:25,23,2362.19,3.25,39,25,690,0
6/23/2023 19:25,23,2362.67,3.25,39,25,691,0
6/23/2023 19:25,23,2363.16,3.25,39,25,692,0
6/23/2023 19:25,23,2363.64,3.25,39,25,693,0
6/23/2023 19:25,23,2364.13,3.25,39,25,694,0
6/23/2023 19:25,23,2364.61,3.25,39,25,695,0
6/23/2023 19:25,23,2365.09,3.25,39,25,696,0
6/23/2023 19:25,23,2365.58,3.25,39,25,697,0
6/23/2023 19:25,23,2366.06,3.25,39,25,698,0
6/23/2023 19:25,23,2366.66,3.25,39,25,699,0
6/23/2023 19:25,23,2367.14,3.25,39,25,700,0
6/23/2023 19:25,23,2367.63,3.25,39,25,701,0
6/23/2023 19:25,23,2379.01,3.25,39,25,701,0
6/23/2023 19:25,23,2379.45,3.25,39,25,702,0
6/23/2023 19:26,23,2379.93,3.25,39,25,703,0
6/23/2023 19:26,23,2380.53,3.25,39,25,704,0
6/23/2023 19:26,23,2381.03,3.25,39,25,705,0
6/23/2023 19:26,23,2381.63,3.25,39,25,706,0
6/23/2023 19:26,23,2382.23,3.26,39,25,707,0
6/23/2023 19:26,23,2382.71,3.25,39,25,708,0
6/23/2023 19:26,23,2383.31,3.25,39,25,709,0
6/23/2023 19:26,23,2383.79,3.25,39,25,710,0
6/23/2023 19:26,23,2384.28,3.25,39,25,711,0
6/23/2023 19:26,23,2384.76,3.25,39,25,712,0
6/23/2023 19:26,23,2385.25,3.25,39,25,713,0
6/23/2023 19:26,23,2385.73,3.25,39,25,714,0
6/23/2023 19:26,23,2386.22,3.25,39,25,715,0
6/23/2023 19:26,23,2386.7,3.26,39,25,716,0
6/23/2023 19:26,23,2387.19,3.26,39,25,717,0
6/23/2023 19:26,23,2387.67,3.25,39,25,718,0
6/23/2023 19:27,23,2388.27,3.26,39,25,719,0
6/23/2023 19:27,23,2388.75,3.25,39,25,720,0
6/23/2023 19:27,23,2389.24,3.26,39,25,721,0
6/23/2023 19:27,23,2389.83,3.25,39,25,722,0
6/23/2023 19:27,23,2390.55,3.25,39,25,723,0
6/23/2023 19:42,23.25,2410.01,3.25,39,25,723,0
6/23/2023 19:42,23.25,2410.44,3.25,39,25,724,0
6/23/2023 19:42,23.25,2411.03,3.26,39,25,725,0
6/23/2023 19:42,23.25,2411.63,3.25,39,25,726,0
6/23/2023 19:42,23.25,2412.11,3.25,39,25,727,0
6/23/2023 19:49,23.5,2416.81,3.25,39,25,728,0
6/23/2023 19:49,23.5,2417.3,3.26,39,25,729,0
6/23/2023 19:49,23.5,2417.78,3.26,39,25,730,0
6/23/2023 19:49,23.5,2418.26,3.26,39,25,731,0
6/23/2023 19:50,23.5,2418.75,3.26,39,25,732,0
6/23/2023 19:50,23.5,2419.23,3.25,39,25,733,0
6/23/2023 19:50,23.5,2419.72,3.26,39,25,734,0
6/23/2023 19:50,23.5,2420.2,3.25,39,25,735,0
6/23/2023 19:50,23.5,2420.68,3.25,39,25,736,0
6/23/2023 19:50,23.5,2421.17,3.26,39,25,737,0
6/23/2023 19:50,23.5,2421.65,3.25,39,25,738,0
6/23/2023 19:50,23.5,2422.14,3.25,39,25,739,0
6/23/2023 19:50,23.5,2422.62,3.26,39,25,740,0
6/23/2023 19:50,23.5,2423.11,3.25,39,25,741,0
6/23/2023 19:50,23.5,2423.59,3.25,39,25,742,0
6/23/2023 19:50,23.5,2424.07,3.25,39,25,743,0
6/23/2023 19:50,23.5,2424.56,3.25,39,25,744,0
6/23/2023 19:50,23.5,2425.04,3.25,39,25,745,0
6/23/2023 19:50,23.5,2425.53,3.25,39,25,746,0
6/23/2023 19:50,23.5,2426.01,3.25,39,25,747,0
6/23/2023 19:50,23.5,2426.5,3.25,39,25,748,0
6/23/2023 19:50,23.5,2426.98,3.26,39,25,749,0
6/23/2023 19:50,23.5,2427.47,3.26,39,25,750,0
6/23/2023 19:50,23.5,2427.95,3.25,39,25,751,0
6/23/2023 19:50,23.5,2428.43,3.25,39,25,752,0
6/23/2023 19:50,23.5,2428.92,3.26,39,25,753,0
6/23/2023 19:50,23.5,2429.4,3.26,39,25,754,0
6/23/2023 19:50,23.5,2429.89,3.25,39,25,755,0
6/23/2023 19:50,23.5,2430.37,3.26,39,25,756,0
6/23/2023 19:50,23.5,2430.86,3.26,39,25,757,0
6/23/2023 19:50,23.5,2431.45,3.25,39,25,758,0
6/23/2023 19:51,23.5,2431.94,3.25,39,25,759,0
6/23/2023 19:51,23.5,2432.42,3.26,39,25,760,0
6/23/2023 19:51,23.5,2432.91,3.26,39,25,761,0
6/23/2023 19:51,23.5,2433.39,3.26,39,25,762,0
6/23/2023 19:51,23.5,2433.87,3.26,39,25,763,0
6/23/2023 19:51,23.5,2434.38,3.25,39,25,764,0
6/23/2023 19:51,23.5,2434.87,3.25,39,25,765,0
6/23/2023 19:57,23.5,2449.55,3.25,39,25,765,0
6/23/2023 19:57,23.5,2449.98,3.26,39,25,766,0
6/23/2023 20:19,23.75,2463.43,3.26,39,25,767,0
6/23/2023 20:20,23.75,2463.91,3.26,39,25,768,0
6/23/2023 20:20,23.75,2464.4,3.25,39,25,769,0
6/23/2023 20:20,23.75,2464.88,3.25,39,25,770,0
6/23/2023 20:20,23.75,2465.37,3.26,39,25,771,0
6/23/2023 20:20,23.75,2465.85,3.26,39,25,772,0
6/23/2023 20:20,23.75,2466.34,3.25,39,25,773,0
6/23/2023 20:20,23.75,2466.82,3.25,39,25,774,0
6/23/2023 20:20,23.75,2467.3,3.26,39,25,775,0
6/23/2023 20:20,23.75,2467.79,3.26,39,25,776,0
6/23/2023 20:20,23.75,2468.27,3.26,39,25,777,0
6/23/2023 20:21,23.75,2469.21,3.25,39,25,778,0
6/23/2023 20:21,23.75,2469.7,3.26,39,25,779,0
6/23/2023 20:21,23.75,2470.18,3.26,39,25,780,0
6/23/2023 20:21,23.75,2470.78,3.26,39,25,781,0
6/23/2023 20:21,23.75,2471.38,3.26,39,25,782,0
6/23/2023 20:21,23.75,2471.86,3.26,39,25,783,0
6/23/2023 20:21,23.75,2472.35,3.26,39,25,784,0
6/23/2023 20:24,23.75,2474.31,3.26,39,25,785,0
6/23/2023 20:24,23.75,2474.79,3.24,39,25,786,0
6/23/2023 20:31,23.75,2479.12,3.27,39,26,786,0
6/23/2023 20:31,23.75,2490.76,3.27,39,26,786,0
6/23/2023 20:31,23.75,2491.19,3.26,39,26,787,0
6/23/2023 20:31,23.75,2491.67,3.26,39,26,788,0
6/23/2023 20:32,23.75,2492.38,3.25,39,26,789,0
6/23/2023 20:32,23.75,2492.87,3.26,39,26,790,0
6/23/2023 20:32,23.75,2493.35,3.26,39,26,791,0
6/23/2023 20:32,23.75,2493.84,3.26,39,26,792,0
6/23/2023 20:32,23.75,2494.32,3.26,39,26,793,0
6/23/2023 20:32,23.75,2494.8,3.26,39,26,794,0
6/23/2023 20:32,23.75,2495.29,3.26,39,26,795,0
6/23/2023 20:32,23.75,2495.78,3.26,39,26,796,0
6/23/2023 20:32,23.75,2496.26,3.26,39,26,797,0
6/23/2023 20:32,23.75,2496.86,3.26,39,26,798,0
6/23/2023 20:32,23.75,2497.57,3.26,39,26,799,0
6/23/2023 20:32,23.75,2498.05,3.26,39,26,800,0
6/23/2023 20:33,23.75,2498.65,3.26,39,26,801,0
6/23/2023 20:33,23.75,2499.13,3.26,39,26,802,0
6/23/2023 20:39,23.75,2502.78,3.25,39,27,802,0
6/23/2023 21:24,23.75,2529.22,3.26,39,27,803,0
6/23/2023 21:24,23.75,2529.7,3.25,39,27,804,0
6/23/2023 21:24,23.75,2530.19,3.26,39,27,805,0
6/23/2023 21:24,23.75,2530.67,3.26,39,27,806,0
6/23/2023 21:24,23.75,2531.16,3.26,39,27,807,0
6/23/2023 21:24,23.75,2531.64,3.26,39,27,808,0
6/23/2023 21:24,23.75,2532.12,3.26,39,27,809,0
6/23/2023 21:24,23.75,2532.72,3.26,39,27,810,0
6/23/2023 21:24,23.75,2533.21,3.26,39,27,811,0
6/23/2023 21:24,23.75,2533.69,3.26,39,27,812,0
6/23/2023 21:24,23.75,2534.18,3.26,39,27,813,0
6/23/2023 21:24,23.75,2534.67,3.25,39,27,814,0
6/23/2023 21:24,23.75,2535.16,3.26,39,27,815,0
6/23/2023 21:24,23.75,2535.64,3.26,39,27,816,0
6/23/2023 21:25,23.75,2536.24,3.26,39,27,817,0
6/23/2023 21:25,23.75,2536.72,3.26,39,27,818,0
6/23/2023 21:25,23.75,2537.2,3.26,39,27,819,0
6/23/2023 21:25,23.75,2537.69,3.26,39,27,820,0
6/23/2023 21:25,23.75,2538.3,3.26,39,27,821,0
6/23/2023 21:25,23.75,2538.79,3.26,39,27,822,0
6/23/2023 21:25,23.75,2539.28,3.26,39,27,823,0
6/23/2023 21:25,23.75,2539.76,3.25,39,27,824,0
6/23/2023 21:25,23.75,2540.24,3.25,39,27,825,0
6/23/2023 21:40,24,2560.16,3.25,39,27,825,0
6/23/2023 21:40,24,2560.59,3.26,39,27,826,0
6/23/2023 21:53,24,2568.58,3.26,39,27,827,0
6/23/2023 21:53,24,2569.07,3.26,39,27,828,0
6/23/2023 21:53,24,2569.55,3.26,39,27,829,0
6/23/2023 21:53,24,2570.04,3.26,39,27,830,0
6/23/2023 21:53,24,2570.52,3.26,39,27,831,0
6/23/2023 21:53,24,2571.01,3.26,39,27,832,0
6/23/2023 21:53,24,2571.49,3.26,39,27,833,0
6/23/2023 21:54,24,2572.09,3.26,39,27,834,0
6/23/2023 21:54,24,2572.57,3.26,39,27,835,0
6/23/2023 21:54,24,2573.17,3.26,39,27,836,0
6/23/2023 22:33,24,2595.72,3.26,39,27,837,0
6/23/2023 22:33,24,2596.2,3.26,39,27,838,0
6/23/2023 22:36,24,2598.4,3.26,39,27,839,0
6/23/2023 22:36,24,2598.88,3.26,39,27,840,0
6/23/2023 22:36,24,2599.36,3.25,39,27,841,0
6/23/2023 22:36,24,2599.96,3.26,39,27,842,0
6/23/2023 22:36,24,2600.45,3.26,39,27,843,0
6/23/2023 22:36,24,2600.93,3.26,39,27,844,0
6/23/2023 22:36,24,2601.41,3.26,39,27,845,0
6/23/2023 22:36,24,2601.9,3.26,39,27,846,0
6/23/2023 22:36,24,2602.38,3.24,39,27,847,0
6/23/2023 22:36,24,2602.98,3.27,39,27,848,0
6/23/2023 22:36,24,2603.47,3.26,39,27,849,0
6/23/2023 22:36,24,2603.95,3.26,39,27,850,0
6/23/2023 22:36,24,2604.43,3.26,39,27,851,0
6/23/2023 22:36,24,2604.92,3.26,39,27,852,0
6/23/2023 22:36,24,2605.4,3.26,39,27,853,0
6/23/2023 22:36,24,2605.89,3.25,39,27,854,0
6/23/2023 22:36,24,2606.37,3.26,39,27,855,0
6/23/2023 22:37,24,2606.97,3.25,39,27,856,0
6/23/2023 22:37,24,2607.46,3.26,39,27,857,0
6/23/2023 22:37,24,2607.94,3.26,39,27,858,0
6/23/2023 22:37,24,2608.42,3.26,39,27,859,0
6/23/2023 22:37,24,2608.91,3.26,39,27,860,0
6/23/2023 22:37,24,2609.39,3.25,39,27,861,0
6/23/2023 22:37,24,2609.87,3.25,39,27,862,0
6/23/2023 22:50,24,2617.64,3.25,39,27,863,0
6/23/2023 22:50,24,2618.12,3.26,39,27,864,0
6/23/2023 22:55,24,2621.68,3.26,39,27,865,0
6/23/2023 22:55,24,2621.91,3.27,39,28,865,0
6/23/2023 22:55,24,2622.4,3.27,39,29,865,0
6/23/2023 22:55,24,2622.99,3.27,39,30,865,0
6/23/2023 22:55,24,2623.48,3.27,39,31,865,0
6/23/2023 22:56,24,2625.67,3.27,43,32,865,0
6/23/2023 22:58,24,2627.54,3.26,43,32,866,0
6/23/2023 22:58,24,2628.02,3.26,43,32,867,0
6/23/2023 22:58,24,2628.5,3.25,43,32,868,0
6/23/2023 23:06,24,2644.44,3.25,43,32,868,0
6/23/2023 23:06,24,2644.87,3.25,43,32,869,0
6/23/2023 23:36,23.75,2662.08,3.26,43,32,870,0
6/23/2023 23:36,23.75,2662.56,3.26,43,32,871,0
6/23/2023 23:36,23.75,2663.05,3.26,43,32,872,0
6/23/2023 23:36,23.75,2663.53,3.25,43,32,873,0
6/23/2023 23:36,23.75,2664.03,3.26,43,32,874,0
6/23/2023 23:36,23.75,2664.52,3.26,43,32,875,0
6/23/2023 23:36,23.75,2665,3.26,43,32,876,0
6/23/2023 23:36,23.75,2665.49,3.26,43,32,877,0
6/23/2023 23:36,23.75,2665.97,3.26,43,32,878,0
6/23/2023 23:36,23.75,2666.57,3.26,43,32,879,0
6/23/2023 23:36,23.75,2667.05,3.26,43,32,880,0
6/23/2023 23:36,23.75,2667.54,3.26,43,32,881,0
6/23/2023 23:36,23.75,2668.02,3.26,43,32,882,0
6/23/2023 23:36,23.75,2668.51,3.26,43,32,883,0
6/23/2023 23:36,23.75,2669.1,3.26,43,32,884,0
6/23/2023 23:36,23.75,2669.59,3.27,43,32,885,0
6/23/2023 23:36,23.75,2670.07,3.26,43,32,886,0
6/23/2023 23:36,23.75,2670.56,3.26,43,32,887,0
6/23/2023 23:37,23.75,2671.16,3.26,43,32,888,0
6/23/2023 23:37,23.75,2671.75,3.26,43,32,889,0
6/23/2023 23:37,23.75,2672.24,3.25,43,32,890,0
6/23/2023 23:37,23.75,2672.84,3.26,43,32,891,0
6/23/2023 23:37,23.75,2673.32,3.26,43,32,892,0
6/23/2023 23:37,23.75,2673.8,3.26,43,32,893,0
6/23/2023 23:37,23.75,2674.29,3.26,43,32,894,0
6/23/2023 23:37,23.75,2674.88,3.26,43,32,895,0
6/24/2023 0:24,23.75,2701.87,3.25,43,32,896,0
6/24/2023 0:24,23.75,2702.36,3.25,43,32,897,0
6/24/2023 0:24,23.75,2702.84,3.25,43,32,898,0
6/24/2023 0:24,23.75,2703.32,3.25,43,32,899,0
6/24/2023 0:24,23.75,2703.81,3.26,43,32,900,0
6/24/2023 0:24,23.75,2704.29,3.26,43,32,901,0
6/24/2023 0:24,23.75,2704.78,3.26,43,32,902,0
6/24/2023 0:24,23.75,2705.49,3.25,43,32,903,0
6/24/2023 0:24,23.75,2705.97,3.26,43,32,904,0
6/24/2023 0:24,23.75,2706.46,3.26,43,32,905,0
6/24/2023 0:24,23.75,2707.06,3.26,43,32,906,0
6/24/2023 0:24,23.75,2707.54,3.26,43,32,907,0
6/24/2023 0:24,23.75,2708.03,3.26,43,32,908,0
6/24/2023 0:25,23.75,2708.51,3.26,43,32,909,0
6/24/2023 1:14,23.75,2736.86,3.25,43,32,910,0
6/24/2023 1:14,23.75,2737.34,3.26,43,32,911,0
6/24/2023 1:14,23.75,2738.05,3.26,43,32,912,0
6/24/2023 1:14,23.75,2738.65,3.26,43,32,913,0
6/24/2023 1:14,23.75,2739.14,3.26,43,32,914,0
6/24/2023 1:14,23.75,2739.62,3.26,43,32,915,0
6/24/2023 1:14,23.75,2740.11,3.26,43,32,916,0
6/24/2023 1:14,23.75,2740.59,3.26,43,32,917,0
6/24/2023 1:14,23.75,2741.07,3.25,43,32,918,0
6/24/2023 1:14,23.75,2741.56,3.26,43,32,919,0
6/24/2023 1:14,23.75,2742.04,3.26,43,32,920,0
6/24/2023 1:14,23.75,2742.53,3.26,43,32,921,0
6/24/2023 1:14,23.75,2743.01,3.25,43,32,922,0
6/24/2023 1:15,23.75,2743.61,3.25,43,32,923,0
6/24/2023 1:15,23.75,2744.09,3.25,43,32,924,0
6/24/2023 1:15,23.75,2744.58,3.26,43,32,925,0
6/24/2023 1:15,23.75,2745.06,3.25,43,32,926,0
6/24/2023 1:15,23.75,2745.55,3.26,43,32,927,0
6/24/2023 1:15,23.75,2746.14,3.25,43,32,928,0
6/24/2023 1:15,23.75,2746.63,3.26,43,32,929,0
6/24/2023 1:15,23.75,2747.11,3.26,43,32,930,0
6/24/2023 1:15,23.75,2747.6,3.26,43,32,931,0
6/24/2023 1:15,23.75,2748.08,3.25,43,32,932,0
6/24/2023 1:15,23.75,2748.57,3.24,43,32,933,0
6/24/2023 1:15,23.75,2749.07,3.25,43,32,934,0
6/24/2023 1:15,23.75,2749.56,3.26,43,32,935,0
6/24/2023 2:07,23.75,2779.27,3.26,43,32,936,0
6/24/2023 2:09,23.75,2781.01,3.26,43,32,937,0
6/24/2023 2:09,23.75,2781.49,3.26,43,32,938,0
6/24/2023 2:09,23.75,2781.98,3.26,43,32,939,0
6/24/2023 2:09,23.75,2782.46,3.26,43,32,940,0
6/24/2023 2:09,23.75,2783.06,3.26,43,32,941,0
6/24/2023 2:09,23.75,2783.55,3.26,43,32,942,0
6/24/2023 2:09,23.75,2784.03,3.26,43,32,943,0
6/24/2023 2:09,23.75,2784.51,3.26,43,32,944,0
6/24/2023 2:10,23.75,2785.22,3.25,43,32,945,0
6/24/2023 2:10,23.75,2785.71,3.26,43,32,946,0
6/24/2023 2:10,23.75,2786.19,3.26,43,32,947,0
6/24/2023 2:10,23.75,2786.68,3.26,43,32,948,0
6/24/2023 2:10,23.75,2787.16,3.26,43,32,949,0
6/24/2023 2:10,23.75,2787.64,3.26,43,32,950,0
6/24/2023 2:10,23.75,2788.13,3.25,43,32,951,0
6/24/2023 2:10,23.75,2788.61,3.25,43,32,952,0
6/24/2023 2:10,23.75,2789.1,3.26,43,32,953,0
6/24/2023 2:10,23.75,2789.58,3.26,43,32,954,0
6/24/2023 2:10,23.75,2790.18,3.26,43,32,955,0
6/24/2023 2:10,23.75,2790.66,3.25,43,32,956,0
6/24/2023 2:17,24,2806.03,3.25,43,32,956,0
6/24/2023 2:17,24,2806.46,3.26,43,32,957,0
6/24/2023 2:22,24,2809.79,3.26,43,32,958,0
6/24/2023 2:35,24,2828.46,3.26,43,32,958,0
6/24/2023 2:36,24,2828.88,3.27,43,32,959,0
6/24/2023 3:35,24.5,2863.49,3.27,43,32,960,0
6/24/2023 3:35,24.5,2863.98,3.27,43,32,961,0
6/24/2023 3:35,24.5,2864.46,3.26,43,32,962,0
6/24/2023 3:36,24.5,2865.06,3.26,43,32,963,0
6/24/2023 3:36,24.5,2865.54,3.26,43,32,964,0
6/24/2023 3:36,24.5,2866.03,3.26,43,32,965,0
6/24/2023 3:36,24.5,2866.51,3.26,43,32,966,0
6/24/2023 3:36,24.5,2867,3.26,43,32,967,0
6/24/2023 3:36,24.5,2867.59,3.26,43,32,968,0
6/24/2023 3:36,24.5,2868.08,3.26,43,32,969,0
6/24/2023 3:36,24.5,2868.56,3.26,43,32,970,0
6/24/2023 3:36,24.5,2869.05,3.26,43,32,971,0
6/24/2023 3:36,24.5,2869.53,3.26,43,32,972,0
6/24/2023 3:36,24.5,2870.01,3.27,43,32,973,0
6/24/2023 3:36,24.5,2870.61,3.27,43,32,974,0
6/24/2023 3:36,24.5,2871.21,3.26,43,32,975,0
6/24/2023 3:36,24.5,2871.69,3.27,43,32,976,0
6/24/2023 3:36,24.5,2872.18,3.26,43,32,977,0
6/24/2023 3:37,24.5,2872.78,3.26,43,32,978,0
6/24/2023 3:37,24.5,2873.26,3.26,43,32,979,0
6/24/2023 3:37,24.5,2873.97,3.26,43,32,980,0
6/24/2023 3:37,24.5,2874.46,3.26,43,32,981,0
6/24/2023 3:37,24.5,2874.94,3.26,43,32,982,0
6/24/2023 3:37,24.5,2875.42,3.26,43,32,983,0
6/24/2023 3:37,24.5,2875.91,3.26,43,32,984,0
6/24/2023 3:37,24.5,2876.39,3.27,43,32,985,0
6/24/2023 3:37,24.5,2876.88,3.27,43,32,986,0
6/24/2023 3:37,24.5,2877.36,3.26,43,32,987,0
6/24/2023 3:37,24.5,2877.85,3.26,43,32,988,0
6/24/2023 3:37,24.5,2878.33,3.26,43,32,989,0
6/24/2023 3:37,24.5,2878.82,3.26,43,32,990,0
6/24/2023 3:37,24.5,2879.3,3.26,43,32,991,0
6/24/2023 3:37,24.5,2879.79,3.27,43,32,992,0
6/24/2023 3:37,24.5,2880.29,3.25,43,32,993,0
6/24/2023 3:37,24.5,2880.77,3.27,43,32,994,0
6/24/2023 3:37,24.5,2881.26,3.26,43,32,995,0
6/24/2023 4:20,24.5,2917.36,3.26,44,32,995,0
6/24/2023 4:20,24.5,2917.78,3.26,44,32,996,0
6/24/2023 4:22,24.5,2919.29,3.26,44,32,997,0
6/24/2023 4:22,24.5,2919.78,3.26,44,32,998,0
6/24/2023 4:23,24.5,2920.37,3.26,44,32,999,0
6/24/2023 4:23,24.5,2920.86,3.26,44,32,1000,0
6/24/2023 4:23,24.5,2921.46,3.26,44,32,1001,0
6/24/2023 4:23,24.5,2921.94,3.26,44,32,1002,0
6/24/2023 5:39,24.5,2965.76,3.26,44,32,1003,0
6/24/2023 5:39,24.5,2966.25,3.26,44,32,1004,0
6/24/2023 5:39,24.5,2966.73,3.26,44,32,1005,0
6/24/2023 5:39,24.5,2967.22,3.26,44,32,1006,0
6/24/2023 5:39,24.5,2967.7,3.26,44,32,1007,0
6/24/2023 5:39,24.5,2968.18,3.26,44,32,1008,0
6/24/2023 5:39,24.5,2968.67,3.26,44,32,1009,0
6/24/2023 5:39,24.5,2969.15,3.26,44,32,1010,0
6/24/2023 5:39,24.5,2969.64,3.25,44,32,1011,0
6/24/2023 5:39,24.5,2970.12,3.26,44,32,1012,0
6/24/2023 5:39,24.5,2970.61,3.26,44,32,1013,0
6/24/2023 5:39,24.5,2971.09,3.26,44,32,1014,0
6/24/2023 5:39,24.5,2971.57,3.26,44,32,1015,0
6/24/2023 5:39,24.5,2972.06,3.26,44,32,1016,0
6/24/2023 5:39,24.5,2972.54,3.26,44,32,1017,0
6/24/2023 5:40,24.5,2973.03,3.27,44,32,1018,0
6/24/2023 5:40,24.5,2973.51,3.26,44,32,1019,0
6/24/2023 5:40,24.5,2973.99,3.27,44,32,1020,0
6/24/2023 5:40,24.5,2974.48,3.27,44,32,1021,0
6/24/2023 5:40,24.5,2974.97,3.26,44,32,1022,0
6/24/2023 5:40,24.5,2975.45,3.25,44,32,1023,0
6/24/2023 5:40,24.5,2975.93,3.26,44,32,1024,0
6/24/2023 5:40,24.5,2976.42,3.26,44,32,1025,0
6/24/2023 5:40,24.5,2977.01,3.26,44,32,1026,0
6/24/2023 5:40,24.5,2977.61,3.26,44,32,1027,0
6/24/2023 5:40,24.5,2978.09,3.26,44,32,1028,0
6/24/2023 5:40,24.5,2978.58,3.26,44,32,1029,0
6/24/2023 5:40,24.5,2979.07,3.26,44,32,1030,0
6/24/2023 5:40,24.5,2979.55,3.26,44,32,1031,0
6/24/2023 5:40,24.5,2980.03,3.26,44,32,1032,0
6/24/2023 5:40,24.5,2980.52,3.26,44,32,1033,0
6/24/2023 5:40,24.5,2981,3.26,44,32,1034,0
6/24/2023 5:40,24.5,2981.49,3.26,44,32,1035,0
6/24/2023 5:40,24.5,2981.97,3.26,44,32,1036,0
6/24/2023 5:40,24.5,2982.46,3.27,44,32,1037,0
6/24/2023 5:40,24.5,2982.94,3.26,44,32,1038,0
6/24/2023 5:40,24.5,2983.43,3.26,44,32,1039,0
6/24/2023 5:40,24.5,2984.02,3.26,44,32,1040,0
6/24/2023 5:41,24.5,2984.74,3.25,44,32,1041,0
6/24/2023 5:41,24.5,2985.33,3.26,44,32,1042,0
6/24/2023 5:41,24.5,2985.93,3.26,44,32,1043,0
6/24/2023 5:41,24.5,2986.41,3.26,44,32,1044,0
6/24/2023 5:41,24.5,2986.9,3.26,44,32,1045,0
6/24/2023 5:41,24.5,2987.38,3.26,44,32,1046,0
6/24/2023 5:41,24.5,2987.87,3.27,44,32,1047,0
6/24/2023 5:47,24.5,3002.1,3.27,44,32,1047,0
6/24/2023 5:47,24.5,3002.53,3.27,44,32,1048,0
6/24/2023 6:59,23.75,3044.45,3.26,45,32,1049,0
6/24/2023 6:59,23.75,3044.94,3.25,45,32,1050,0
6/24/2023 7:33,23.75,3064.92,3.26,46,32,1051,0
6/24/2023 7:35,23.75,3077.21,3.26,46,32,1051,0
6/24/2023 7:35,23.75,3077.64,3.26,46,32,1052,0
6/24/2023 9:15,25,3135.34,3.27,46,32,1053,0
6/24/2023 9:15,25,3135.82,3.27,46,32,1054,0
6/24/2023 9:15,25,3136.31,3.26,46,32,1055,0
6/24/2023 9:15,25,3136.79,3.27,46,32,1056,0
6/24/2023 9:15,25,3137.28,3.26,46,32,1057,0
6/24/2023 9:15,25,3137.76,3.26,46,32,1058,0
6/24/2023 9:15,25,3138.24,3.27,46,32,1059,0
6/24/2023 9:15,25,3138.73,3.26,46,32,1060,0
6/24/2023 9:16,25,3139.32,3.26,46,32,1061,0
6/24/2023 9:16,25,3139.81,3.26,46,32,1062,0
6/24/2023 9:16,25,3140.29,3.27,46,32,1063,0
6/24/2023 9:16,25,3140.78,3.26,46,32,1064,0
6/24/2023 9:16,25,3141.26,3.27,46,32,1065,0
6/24/2023 9:16,25,3141.75,3.26,46,32,1066,0
6/24/2023 9:16,25,3142.23,3.26,46,32,1067,0
6/24/2023 9:16,25,3142.72,3.27,46,32,1068,0
6/24/2023 9:16,25,3143.2,3.26,46,32,1069,0
6/24/2023 9:16,25,3143.68,3.27,46,32,1070,0
6/24/2023 9:16,25,3144.17,3.26,46,32,1071,0
6/24/2023 9:16,25,3144.65,3.26,46,32,1072,0
6/24/2023 9:16,25,3145.14,3.27,46,32,1073,0
6/24/2023 9:16,25,3145.62,3.27,46,32,1074,0
6/24/2023 9:16,25,3146.11,3.26,46,32,1075,0
6/24/2023 9:16,25,3146.71,3.27,46,32,1076,0
6/24/2023 9:16,25,3147.19,3.26,46,32,1077,0
6/24/2023 9:16,25,3147.67,3.26,46,32,1078,0
6/24/2023 9:16,25,3148.16,3.27,46,32,1079,0
6/24/2023 9:16,25,3148.64,3.26,46,32,1080,0
6/24/2023 9:16,25,3149.13,3.27,46,32,1081,0
6/24/2023 9:16,25,3149.61,3.26,46,32,1082,0
6/24/2023 9:16,25,3150.1,3.27,46,32,1083,0
6/24/2023 9:16,25,3150.58,3.26,46,32,1084,0
6/24/2023 9:16,25,3151.18,3.27,46,32,1085,0
6/24/2023 9:16,25,3151.66,3.26,46,32,1086,0
6/24/2023 10:58,24.5,3209.93,3.26,46,32,1087,0
6/24/2023 10:58,24.5,3210.52,3.26,46,32,1088,0
6/24/2023 10:58,24.5,3211.01,3.26,46,32,1089,0
6/24/2023 10:59,24.5,3211.72,3.26,46,32,1090,0
6/24/2023 10:59,24.5,3212.21,3.27,46,32,1091,0
6/24/2023 10:59,24.5,3212.7,3.26,46,32,1092,0
6/24/2023 10:59,24.5,3213.3,3.26,46,32,1093,0
6/24/2023 10:59,24.5,3213.78,3.26,46,32,1094,0
6/24/2023 10:59,24.5,3214.26,3.26,46,32,1095,0
6/24/2023 10:59,24.5,3214.75,3.26,46,32,1096,0
6/24/2023 10:59,24.5,3215.34,3.27,46,32,1097,0
6/24/2023 10:59,24.5,3215.83,3.25,46,32,1098,0
6/24/2023 10:59,24.5,3216.32,3.26,46,32,1099,0
6/24/2023 11:07,24.5,3231.92,3.26,46,32,1099,0
6/24/2023 11:07,24.5,3232.35,3.26,46,32,1100,0
6/24/2023 12:32,25.25,3281.52,3.27,46,32,1101,0
6/24/2023 12:33,25.25,3282.11,3.27,46,32,1102,0
6/24/2023 12:33,25.25,3282.6,3.27,46,32,1103,0
6/24/2023 12:33,25.25,3283.08,3.27,46,32,1104,0
6/24/2023 12:33,25.25,3283.57,3.26,46,32,1105,0
6/24/2023 12:33,25.25,3284.05,3.27,46,32,1106,0
6/24/2023 12:33,25.25,3284.54,3.27,46,32,1107,0
6/24/2023 12:33,25.25,3285.02,3.27,46,32,1108,0
6/24/2023 12:33,25.25,3285.53,3.27,46,32,1109,0
6/24/2023 12:33,25.25,3286.13,3.27,46,32,1110,0
6/24/2023 12:33,25.25,3286.61,3.26,46,32,1111,0
6/24/2023 12:33,25.25,3287.09,3.26,46,32,1112,0
6/24/2023 12:39,25.25,3290.88,3.26,46,32,1113,0
6/24/2023 12:54,25.25,3310.68,3.26,46,32,1113,0
6/24/2023 12:54,25.25,3311.11,3.27,46,32,1114,0
6/24/2023 14:42,25.5,3373.13,3.27,46,32,1115,0
6/24/2023 15:00,25.5,3394.52,3.27,46,32,1115,0
6/24/2023 15:00,25.5,3394.95,3.27,46,32,1116,0
6/24/2023 16:03,25.25,3431.26,3.26,46,32,1117,0
6/24/2023 16:03,25.25,3431.75,3.27,46,32,1118,0
6/24/2023 16:03,25.25,3432.23,3.26,46,32,1119,0
6/24/2023 16:03,25.25,3432.71,3.27,46,32,1120,0
6/24/2023 16:03,25.25,3433.2,3.27,46,32,1121,0
6/24/2023 16:03,25.25,3433.68,3.26,46,32,1122,0
6/24/2023 16:03,25.25,3434.17,3.27,46,32,1123,0
6/24/2023 16:03,25.25,3434.65,3.27,46,32,1124,0
6/24/2023 16:03,25.25,3435.14,3.27,46,32,1125,0
6/24/2023 16:03,25.25,3435.62,3.26,46,32,1126,0
6/24/2023 16:03,25.25,3436.11,3.27,46,32,1127,0
6/24/2023 16:03,25.25,3436.59,3.26,46,32,1128,0
6/24/2023 16:04,25.25,3437.19,3.27,46,32,1129,0
6/24/2023 16:04,25.25,3437.67,3.27,46,32,1130,0
6/24/2023 16:04,25.25,3438.16,3.27,46,32,1131,0
6/24/2023 16:04,25.25,3438.76,3.26,46,32,1132,0
6/24/2023 16:04,25.25,3439.24,3.26,46,32,1133,0
6/24/2023 16:04,25.25,3439.73,3.27,46,32,1134,0
6/24/2023 16:04,25.25,3440.21,3.26,46,32,1135,0
6/24/2023 16:04,25.25,3440.69,3.26,46,32,1136,0
6/24/2023 16:04,25.25,3441.18,3.27,46,32,1137,0
6/24/2023 16:04,25.25,3441.77,3.27,46,32,1138,0
6/24/2023 16:04,25.25,3442.37,3.27,46,32,1139,0
6/24/2023 16:04,25.25,3442.97,3.27,46,32,1140,0
6/24/2023 16:04,25.25,3443.46,3.27,46,32,1141,0
6/24/2023 16:04,25.25,3443.94,3.27,46,32,1142,0
6/24/2023 16:05,25.25,3444.42,3.27,46,32,1143,0
6/24/2023 16:05,25.25,3444.91,3.27,46,32,1144,0
6/24/2023 16:05,25.25,3445.39,3.26,46,32,1145,0
6/24/2023 16:10,25.25,3459.62,3.26,46,32,1145,0
6/24/2023 16:10,25.25,3460.05,3.27,46,32,1146,0
6/24/2023 17:19,25.5,3500.12,3.27,46,32,1147,0
6/24/2023 17:19,25.5,3500.6,3.26,46,32,1148,0
6/24/2023 17:20,25.5,3501.66,3.27,46,32,1149,0
6/24/2023 17:22,25.5,3513.61,3.27,46,32,1149,0
6/24/2023 17:22,25.5,3514.04,3.27,46,32,1150,0
6/24/2023 18:39,25.5,3558.66,3.27,46,32,1151,0
6/24/2023 18:39,25.5,3559.14,3.27,46,32,1152,0
6/24/2023 18:39,25.5,3559.62,3.27,46,32,1153,0
6/24/2023 18:39,25.5,3560.11,3.27,46,32,1154,0
6/24/2023 18:40,25.5,3560.71,3.27,46,32,1155,0
6/24/2023 18:40,25.5,3561.19,3.26,46,32,1156,0
6/24/2023 18:40,25.5,3561.68,3.26,46,32,1157,0
6/24/2023 18:40,25.5,3562.16,3.26,46,32,1158,0
6/24/2023 18:40,25.5,3562.65,3.27,46,32,1159,0
6/24/2023 18:40,25.5,3563.13,3.27,46,32,1160,0
6/24/2023 18:40,25.5,3563.61,3.27,46,32,1161,0
6/24/2023 18:40,25.5,3564.21,3.27,46,32,1162,0
6/24/2023 18:40,25.5,3564.7,3.27,46,32,1163,0
6/24/2023 18:40,25.5,3565.18,3.27,46,32,1164,0
6/24/2023 18:40,25.5,3565.69,3.27,46,32,1165,0
6/24/2023 18:40,25.5,3566.17,3.27,46,32,1166,0
6/24/2023 18:40,25.5,3566.66,3.27,46,32,1167,0
6/24/2023 18:40,25.5,3567.14,3.26,46,32,1168,0
6/24/2023 18:40,25.5,3567.74,3.27,46,32,1169,0
6/24/2023 18:41,25.5,3568.34,3.27,46,32,1170,0
6/24/2023 18:41,25.5,3568.82,3.27,46,32,1171,0
6/24/2023 18:41,25.5,3569.3,3.27,46,32,1172,0
6/24/2023 18:41,25.5,3570.01,3.27,46,32,1173,0
6/24/2023 18:41,25.5,3570.5,3.27,46,32,1174,0
6/24/2023 18:41,25.5,3570.99,3.27,46,32,1175,0
6/24/2023 18:41,25.5,3571.47,3.27,46,32,1176,0
6/24/2023 18:41,25.5,3571.95,3.26,46,32,1177,0
6/24/2023 18:41,25.5,3572.44,3.27,46,32,1178,0
6/24/2023 18:41,25.5,3572.92,3.27,46,32,1179,0
6/24/2023 18:41,25.5,3573.41,3.27,46,32,1180,0
6/24/2023 18:41,25.5,3573.89,3.26,46,32,1181,0
6/24/2023 18:41,25.5,3574.37,3.27,46,32,1182,0
6/24/2023 18:41,25.5,3574.86,3.27,46,32,1183,0
6/24/2023 18:41,25.5,3575.34,3.26,46,32,1184,0
6/24/2023 19:06,25.5,3589.82,3.27,46,32,1185,0
6/24/2023 19:07,25.25,3601.78,3.27,46,32,1185,0
6/24/2023 19:07,25.25,3602.2,3.26,46,32,1186,0
6/24/2023 19:08,25,3603.26,3.27,46,32,1187,0
6/24/2023 19:08,25,3603.85,3.26,46,32,1188,0
6/24/2023 19:08,25,3604.34,3.27,46,32,1189,0
6/24/2023 19:09,25,3605.03,3.27,46,33,1189,0
6/24/2023 19:09,25,3605.76,3.27,46,33,1190,0
6/24/2023 19:25,25,3625.91,3.27,46,33,1190,0
6/24/2023 20:06,25,3649.48,3.26,46,33,1191,0
6/24/2023 20:06,25,3649.97,3.26,46,33,1192,0
6/24/2023 20:06,25,3650.45,3.26,46,33,1193,0
6/24/2023 20:06,25,3650.93,3.26,46,33,1194,0
6/24/2023 20:06,25,3651.42,3.26,46,33,1195,0
6/24/2023 20:06,25,3651.9,3.26,46,33,1196,0
6/24/2023 20:06,25,3652.39,3.27,46,33,1197,0
6/24/2023 20:06,25,3652.87,3.27,46,33,1198,0
6/24/2023 20:06,25,3653.36,3.27,46,33,1199,0
6/24/2023 20:06,25,3653.84,3.26,46,33,1200,0
6/24/2023 20:06,25,3654.32,3.26,46,33,1201,0
6/24/2023 20:06,25,3654.81,3.26,46,33,1202,0
6/24/2023 20:06,25,3655.29,3.27,46,33,1203,0
6/24/2023 20:06,25,3655.78,3.26,46,33,1204,0
6/24/2023 20:06,25,3656.26,3.26,46,33,1205,0
6/24/2023 20:06,25,3656.75,3.27,46,33,1206,0
6/24/2023 20:06,25,3657.35,3.26,46,33,1207,0
6/24/2023 20:06,25,3657.83,3.27,46,33,1208,0
6/24/2023 20:06,25,3658.31,3.26,46,33,1209,0
6/24/2023 20:06,25,3658.8,3.26,46,33,1210,0
6/24/2023 20:06,25,3659.28,3.26,46,33,1211,0
6/24/2023 20:07,25,3659.88,3.26,46,33,1212,0
6/24/2023 20:07,25,3660.36,3.26,46,33,1213,0
6/24/2023 20:07,25,3660.85,3.26,46,33,1214,0
6/24/2023 20:07,25,3661.45,3.27,46,33,1215,0
6/24/2023 20:07,25,3661.93,3.25,46,33,1216,0
6/24/2023 20:07,25,3662.42,3.26,46,33,1217,0
6/24/2023 20:07,25,3662.9,3.25,46,33,1218,0
6/24/2023 20:07,25,3663.38,3.26,46,33,1219,0
6/24/2023 20:07,25,3663.87,3.26,46,33,1220,0
6/24/2023 20:07,25,3664.35,3.27,46,33,1221,0
6/24/2023 20:07,25,3664.85,3.27,46,33,1222,0
6/24/2023 20:07,25,3665.34,3.26,46,33,1223,0
6/24/2023 20:07,25,3665.83,3.27,46,33,1224,0
6/24/2023 20:07,25,3666.31,3.26,46,33,1225,0
6/24/2023 20:07,25,3666.8,3.26,46,33,1226,0
6/24/2023 20:07,25,3667.28,3.27,46,33,1227,0
6/24/2023 20:07,25,3667.76,3.27,46,33,1228,0
6/24/2023 20:08,25,3668.36,3.27,46,33,1229,0
6/24/2023 20:08,25,3668.96,3.27,46,33,1230,0
6/24/2023 20:52,25,3694.21,3.28,46,34,1230,0
6/24/2023 20:52,25,3705.96,3.28,46,34,1230,0
6/24/2023 20:52,25,3706.4,3.26,46,34,1231,0
6/24/2023 20:52,25,3706.88,3.27,46,34,1232,0
6/24/2023 20:52,25,3707.36,3.27,46,34,1233,0
6/24/2023 20:52,25,3707.85,3.27,46,34,1234,0
6/24/2023 20:52,25,3708.33,3.27,46,34,1235,0
6/24/2023 20:52,25,3708.82,3.27,46,34,1236,0
6/24/2023 20:53,25,3709.41,3.26,46,34,1237,0
6/24/2023 20:53,25,3709.9,3.26,46,34,1238,0
6/24/2023 20:53,25,3710.49,3.26,46,34,1239,0
6/24/2023 20:53,25,3710.98,3.26,46,34,1240,0
6/24/2023 20:53,25,3711.46,3.27,46,34,1241,0
6/24/2023 20:53,25,3711.95,3.26,46,34,1242,0
6/24/2023 20:53,25,3712.43,3.27,46,34,1243,0
6/24/2023 20:53,25,3713.14,3.27,46,34,1244,0
6/24/2023 20:53,25,3713.63,3.26,46,34,1245,0
6/24/2023 21:03,25,3719.46,3.27,46,34,1246,0
6/24/2023 21:03,25,3719.94,3.26,46,34,1247,0
6/24/2023 21:03,25,3720.43,3.26,46,34,1248,0
6/24/2023 21:03,25,3720.91,3.27,46,34,1249,0
6/24/2023 21:13,25,3726.97,3.26,46,34,1250,0
6/24/2023 21:13,25,3728.05,3.28,48,35,1250,0
6/24/2023 21:14,25,3729.13,3.26,48,35,1251,0
6/24/2023 21:14,25,3729.61,3.27,48,35,1252,0
6/24/2023 21:14,25,3730.1,3.27,48,35,1253,0
6/24/2023 21:14,25,3730.58,3.26,48,35,1254,0
6/24/2023 21:14,25,3731.07,3.26,48,35,1255,0
6/24/2023 21:14,25,3731.55,3.26,48,35,1256,0
6/24/2023 21:14,25,3732.04,3.26,48,35,1257,0
6/24/2023 21:14,25,3732.52,3.27,48,35,1258,0
6/24/2023 21:14,25,3733.01,3.26,48,35,1259,0
6/24/2023 21:14,25,3733.49,3.26,48,35,1260,0
6/24/2023 21:14,25,3733.97,3.26,48,35,1261,0
6/24/2023 21:14,25,3734.46,3.27,48,35,1262,0
6/24/2023 21:14,25,3735.05,3.26,48,35,1263,0
6/24/2023 21:14,25,3735.54,3.26,48,35,1264,0
6/24/2023 21:14,25,3736.03,3.27,48,35,1265,0
6/24/2023 21:14,25,3736.51,3.27,48,35,1266,0
6/24/2023 21:14,25,3737.11,3.27,48,35,1267,0
6/24/2023 21:14,25,3737.59,3.27,48,35,1268,0
6/24/2023 21:15,25,3738.19,3.26,48,35,1269,0
6/24/2023 21:15,25,3738.67,3.27,48,35,1270,0
6/24/2023 21:15,25,3739.16,3.26,48,35,1271,0
6/24/2023 21:15,25,3739.64,3.27,48,35,1272,0
6/24/2023 21:15,25,3740.12,3.27,48,35,1273,0
6/24/2023 21:15,25,3740.61,3.27,48,35,1274,0
6/24/2023 21:15,25,3741.21,3.26,48,35,1275,0
6/24/2023 21:15,25,3741.69,3.26,48,35,1276,0
6/24/2023 21:15,25,3742.18,3.27,48,35,1277,0
6/24/2023 21:15,25,3742.66,3.26,48,35,1278,0
6/24/2023 21:15,25,3743.16,3.27,48,35,1279,0
6/24/2023 21:25,25,3759.79,3.27,48,35,1279,0
6/24/2023 21:25,25,3760.22,3.26,48,35,1280,0
6/24/2023 21:25,25,3760.7,3.26,48,35,1281,0
6/24/2023 21:25,25,3761.19,3.26,48,35,1282,0
6/24/2023 21:43,25,3782.96,3.27,49,35,1282,0
6/24/2023 21:43,25,3783.39,3.26,49,35,1283,0
6/24/2023 22:30,25,3811.08,3.26,50,35,1284,0
6/24/2023 22:30,25,3811.57,3.26,50,35,1285,0
6/24/2023 22:30,25,3812.05,3.27,50,35,1286,0
6/24/2023 22:30,25,3812.54,3.26,50,35,1287,0
6/24/2023 22:30,25,3813.02,3.26,50,35,1288,0
6/24/2023 22:30,25,3813.51,3.26,50,35,1289,0
6/24/2023 22:30,25,3813.99,3.26,50,35,1290,0
6/24/2023 22:30,25,3814.48,3.26,50,35,1291,0
6/24/2023 22:30,25,3814.96,3.26,50,35,1292,0
6/24/2023 22:30,25,3815.56,3.26,50,35,1293,0
6/24/2023 22:30,25,3816.04,3.26,50,35,1294,0
6/24/2023 22:30,25,3816.53,3.26,50,35,1295,0
6/24/2023 22:30,25,3817.01,3.26,50,35,1296,0
6/24/2023 22:30,25,3817.49,3.27,50,35,1297,0
6/24/2023 22:30,25,3817.98,3.25,50,35,1298,0
6/24/2023 22:30,25,3818.47,3.26,50,35,1299,0
6/24/2023 22:30,25,3818.95,3.26,50,35,1300,0
6/24/2023 22:30,25,3819.43,3.26,50,35,1301,0
6/24/2023 22:30,25,3819.92,3.26,50,35,1302,0
6/24/2023 22:30,25,3820.4,3.27,50,35,1303,0
6/24/2023 22:30,25,3820.89,3.26,50,35,1304,0
6/24/2023 22:30,25,3821.37,3.26,50,35,1305,0
6/24/2023 22:30,25,3821.85,3.26,50,35,1306,0
6/24/2023 22:30,25,3822.34,3.26,50,35,1307,0
6/24/2023 22:31,25,3822.82,3.25,50,35,1308,0
6/24/2023 22:31,25,3823.31,3.27,50,35,1309,0
6/24/2023 22:31,25,3823.79,3.27,50,35,1310,0
6/24/2023 22:31,25,3824.39,3.27,50,35,1311,0
6/24/2023 22:31,25,3824.87,3.26,50,35,1312,0
6/24/2023 22:31,25,3825.36,3.27,50,35,1313,0
6/24/2023 22:31,25,3825.84,3.27,50,35,1314,0
6/24/2023 22:31,25,3826.33,3.26,50,35,1315,0
6/24/2023 22:31,25,3826.81,3.27,50,35,1316,0
6/24/2023 22:31,25,3827.3,3.26,50,35,1317,0
6/24/2023 22:31,25,3827.78,3.26,50,35,1318,0
6/24/2023 22:31,25,3828.26,3.27,50,35,1319,0
6/24/2023 22:31,25,3828.86,3.27,50,35,1320,0
6/24/2023 22:31,25,3829.35,3.27,50,35,1321,0
6/24/2023 22:31,25,3829.83,3.27,50,35,1322,0
6/24/2023 22:32,25,3830.43,3.27,50,35,1323,0
6/24/2023 22:32,25,3830.91,3.26,50,35,1324,0
6/24/2023 22:32,25,3831.4,3.26,50,35,1325,0
6/24/2023 22:32,25,3831.88,3.27,50,35,1326,0
6/24/2023 22:32,25,3832.37,3.26,50,35,1327,0
6/24/2023 22:33,25,3844.55,3.26,50,35,1327,0
6/24/2023 22:33,25,3844.98,3.26,50,35,1328,0
6/24/2023 22:35,25,3846.37,3.27,50,35,1329,0
6/24/2023 22:35,25,3846.86,3.26,50,35,1330,0
6/24/2023 22:35,25,3847.34,3.27,50,35,1331,0
6/24/2023 22:51,25,3867.83,3.27,50,35,1331,0
6/24/2023 23:19,25,3884.35,3.27,50,35,1332,0
6/24/2023 23:19,25,3884.83,3.27,50,35,1333,0
6/24/2023 23:19,25,3885.32,3.26,50,35,1334,0
6/24/2023 23:20,25,3885.81,3.27,50,35,1335,0
6/24/2023 23:20,25,3886.31,3.26,50,35,1336,0
6/24/2023 23:20,25,3886.8,3.27,50,35,1337,0
6/24/2023 23:20,25,3887.28,3.26,50,35,1338,0
6/24/2023 23:20,25,3887.88,3.27,50,35,1339,0
6/24/2023 23:20,25,3888.36,3.26,50,35,1340,0
6/24/2023 23:20,25,3888.85,3.26,50,35,1341,0
6/24/2023 23:20,25,3889.33,3.27,50,35,1342,0
6/24/2023 23:20,25,3889.82,3.27,50,35,1343,0
6/24/2023 23:20,25,3890.3,3.27,50,35,1344,0
6/24/2023 23:20,25,3890.78,3.27,50,35,1345,0
6/24/2023 23:20,25,3891.27,3.26,50,35,1346,0
6/24/2023 23:20,25,3891.75,3.26,50,35,1347,0
6/24/2023 23:20,25,3892.24,3.26,50,35,1348,0
6/24/2023 23:20,25,3892.72,3.26,50,35,1349,0
6/24/2023 23:20,25,3893.21,3.27,50,35,1350,0
6/24/2023 23:20,25,3893.69,3.26,50,35,1351,0
6/24/2023 23:20,25,3894.18,3.26,50,35,1352,0
6/24/2023 23:20,25,3894.66,3.27,50,35,1353,0
6/24/2023 23:20,25,3895.14,3.27,50,35,1354,0
6/24/2023 23:21,25,3895.74,3.27,50,35,1355,0
6/24/2023 23:21,25,3896.23,3.26,50,35,1356,0
6/24/2023 23:21,25,3896.71,3.26,50,35,1357,0
6/24/2023 23:21,25,3897.31,3.26,50,35,1358,0
6/24/2023 23:21,25,3897.81,3.26,50,35,1359,0
6/24/2023 23:21,25,3898.29,3.26,50,35,1360,0
6/24/2023 23:21,25,3898.77,3.27,50,35,1361,0
6/24/2023 23:21,25,3899.37,3.26,50,35,1362,0
6/24/2023 23:21,25,3899.86,3.27,50,35,1363,0
6/24/2023 23:21,25,3900.34,3.26,50,35,1364,0
6/24/2023 23:21,25,3900.94,3.26,50,35,1365,0
6/24/2023 23:21,25,3901.42,3.26,50,35,1366,0
6/24/2023 23:21,25,3901.91,3.26,50,35,1367,0
6/24/2023 23:21,25,3902.39,3.26,50,35,1368,0
6/24/2023 23:21,25,3902.88,3.26,50,35,1369,0
6/24/2023 23:22,25,3903.47,3.26,50,35,1370,0
6/24/2023 23:22,25,3904.07,3.26,50,35,1371,0
6/25/2023 1:38,25,3981.9,3.27,50,35,1372,0
6/25/2023 1:38,25,3982.39,3.26,50,35,1373,0
6/25/2023 1:39,25,3983.32,3.26,50,35,1374,0
6/25/2023 1:42,25,3985.63,3.26,50,35,1375,0
6/25/2023 1:42,25,3986.12,3.26,50,35,1376,0
6/25/2023 1:42,25,3986.6,3.27,50,35,1377,0
6/25/2023 1:42,25,3987.09,3.26,50,35,1378,0
6/25/2023 1:42,25,3987.57,3.26,50,35,1379,0
6/25/2023 1:42,25,3988.05,3.26,50,35,1380,0
6/25/2023 1:42,25,3988.54,3.27,50,35,1381,0
6/25/2023 1:42,25,3989.02,3.26,50,35,1382,0
6/25/2023 1:42,25,3989.51,3.27,50,35,1383,0
6/25/2023 1:42,25,3990.1,3.26,50,35,1384,0
6/25/2023 1:42,25,3990.59,3.27,50,35,1385,0
6/25/2023 1:42,25,3991.08,3.27,50,35,1386,0
6/25/2023 1:42,25,3991.56,3.26,50,35,1387,0
6/25/2023 1:42,25,3992.04,3.26,50,35,1388,0
6/25/2023 1:42,25,3992.53,3.27,50,35,1389,0
6/25/2023 1:42,25,3993.01,3.26,50,35,1390,0
6/25/2023 1:42,25,3993.5,3.26,50,35,1391,0
6/25/2023 1:43,25,3994.09,3.26,50,35,1392,0
6/25/2023 1:43,25,3994.69,3.27,50,35,1393,0
6/25/2023 1:43,25,3995.18,3.26,50,35,1394,0
6/25/2023 1:43,25,3995.66,3.27,50,35,1395,0
6/25/2023 1:43,25,3996.17,3.26,50,35,1396,0
6/25/2023 1:43,25,3996.65,3.27,50,35,1397,0
6/25/2023 1:43,25,3997.14,3.26,50,35,1398,0
6/25/2023 1:43,25,3997.62,3.26,50,35,1399,0
6/25/2023 1:43,25,3998.22,3.26,50,35,1400,0
6/25/2023 1:43,25,3998.81,3.27,50,35,1401,0
6/25/2023 1:43,25,3999.3,3.27,50,35,1402,0
6/25/2023 1:43,25,3999.78,3.27,50,35,1403,0
6/25/2023 1:43,25,4000.27,3.26,50,35,1404,0
6/25/2023 1:43,25,4000.75,3.26,50,35,1405,0
6/25/2023 1:48,25,4003.97,3.26,50,35,1406,0
6/25/2023 1:48,25,4004.45,3.26,50,35,1407,0
6/25/2023 2:10,25.25,4017.56,3.26,50,35,1408,0
6/25/2023 2:10,25.25,4018.04,3.27,50,35,1409,0
6/25/2023 2:10,25.25,4018.53,3.26,50,35,1410,0
6/25/2023 2:10,25.25,4019.01,3.26,50,35,1411,0
6/25/2023 2:10,25.25,4019.5,3.26,50,35,1412,0
6/25/2023 2:10,25.25,4019.98,3.27,50,35,1413,0
6/25/2023 2:10,25.25,4020.47,3.26,50,35,1414,0
6/25/2023 2:11,25.25,4021.06,3.27,50,35,1415,0
6/25/2023 2:11,25.25,4021.55,3.26,50,35,1416,0
6/25/2023 2:11,25.25,4022.03,3.26,50,35,1417,0
6/25/2023 2:11,25.25,4022.52,3.27,50,35,1418,0
6/25/2023 2:11,25.25,4023,3.27,50,35,1419,0
6/25/2023 2:11,25.25,4023.48,3.27,50,35,1420,0
6/25/2023 2:11,25.25,4023.97,3.27,50,35,1421,0
6/25/2023 2:11,25.25,4024.46,3.26,50,35,1422,0
6/25/2023 2:11,25.25,4024.94,3.26,50,35,1423,0
6/25/2023 2:11,25.25,4025.54,3.26,50,35,1424,0
6/25/2023 2:11,25.25,4026.02,3.26,50,35,1425,0
6/25/2023 2:11,25.25,4026.51,3.26,50,35,1426,0
6/25/2023 2:11,25.25,4026.99,3.27,50,35,1427,0
6/25/2023 2:11,25.25,4027.47,3.27,50,35,1428,0
6/25/2023 2:11,25.25,4027.96,3.26,50,35,1429,0
6/25/2023 2:11,25.25,4028.45,3.27,50,35,1430,0
6/25/2023 2:11,25.25,4028.93,3.26,50,35,1431,0
6/25/2023 2:11,25.25,4029.53,3.27,50,35,1432,0
6/25/2023 2:11,25.25,4030.01,3.26,50,35,1433,0
6/25/2023 2:11,25.25,4030.5,3.27,50,35,1434,0
6/25/2023 2:12,25.25,4030.98,3.27,50,35,1435,0
6/25/2023 2:12,25.25,4031.46,3.27,50,35,1436,0
6/25/2023 2:12,25.25,4031.95,3.27,50,35,1437,0
6/25/2023 2:12,25.25,4032.43,3.27,50,35,1438,0
6/25/2023 2:12,25.25,4032.92,3.27,50,35,1439,0
6/25/2023 2:12,25.25,4033.4,3.27,50,35,1440,0
6/25/2023 2:12,25.25,4033.89,3.27,50,35,1441,0
6/25/2023 2:12,25.25,4034.37,3.26,50,35,1442,0
6/25/2023 2:12,25.25,4034.86,3.27,50,35,1443,0
6/25/2023 2:12,25.25,4035.34,3.27,50,35,1444,0
6/25/2023 2:12,25.25,4035.82,3.26,50,35,1445,0
6/25/2023 2:12,25.25,4036.31,3.27,50,35,1446,0
6/25/2023 2:12,25.25,4037.02,3.27,50,35,1447,0
6/25/2023 3:29,25.5,4081.07,3.25,50,35,1448,0
6/25/2023 3:29,25.5,4081.55,3.27,50,35,1449,0
6/25/2023 3:29,25.5,4082.04,3.27,50,35,1450,0
6/25/2023 3:29,25.5,4082.63,3.26,50,35,1451,0
6/25/2023 3:29,25.5,4083.12,3.27,50,35,1452,0
6/25/2023 3:29,25.5,4083.6,3.27,50,35,1453,0
6/25/2023 3:29,25.5,4084.2,3.27,50,35,1454,0
6/25/2023 3:29,25.5,4095.59,3.27,50,35,1454,0
6/25/2023 3:29,25.5,4096.02,3.27,50,35,1455,0
6/25/2023 3:29,25.5,4096.52,3.27,50,35,1456,0
6/25/2023 3:29,25.5,4097.01,3.26,50,35,1457,0
6/25/2023 3:29,25.5,4097.49,3.27,50,35,1458,0
6/25/2023 3:30,25.5,4097.98,3.27,50,35,1459,0
6/25/2023 3:30,25.5,4098.46,3.27,50,35,1460,0
6/25/2023 3:30,25.5,4098.94,3.27,50,35,1461,0
6/25/2023 3:30,25.5,4099.43,3.27,50,35,1462,0
6/25/2023 3:30,25.5,4099.91,3.25,50,35,1463,0
6/25/2023 3:30,25.5,4100.51,3.27,50,35,1464,0
6/25/2023 3:30,25.5,4101,3.27,50,35,1465,0
6/25/2023 3:30,25.5,4101.48,3.27,50,35,1466,0
6/25/2023 3:30,25.5,4101.96,3.27,50,35,1467,0
6/25/2023 3:30,25.5,4102.45,3.26,50,35,1468,0
6/25/2023 3:30,25.5,4102.93,3.27,50,35,1469,0
6/25/2023 3:30,25.5,4103.42,3.26,50,35,1470,0
6/25/2023 3:30,25.5,4103.9,3.27,50,35,1471,0
6/25/2023 3:30,25.5,4104.38,3.27,50,35,1472,0
6/25/2023 3:46,25.5,4124.87,3.27,50,35,1472,0
6/25/2023 3:46,25.5,4125.3,3.27,50,35,1473,0
6/25/2023 4:51,25,4162.3,3.27,50,35,1474,0
6/25/2023 4:51,25,4162.78,3.25,50,35,1475,0
6/25/2023 4:51,25,4163.38,3.26,50,35,1476,0
6/25/2023 4:51,25,4163.86,3.26,50,35,1477,0
6/25/2023 4:51,25,4164.34,3.26,50,35,1478,0
6/25/2023 4:51,25,4164.83,3.26,50,35,1479,0
6/25/2023 4:51,25,4165.31,3.26,50,35,1480,0
6/25/2023 4:51,25,4165.8,3.26,50,35,1481,0
6/25/2023 4:51,25,4166.28,3.26,50,35,1482,0
6/25/2023 4:51,25,4166.88,3.25,50,35,1483,0
6/25/2023 4:51,25,4167.36,3.26,50,35,1484,0
6/25/2023 4:51,25,4167.85,3.27,50,35,1485,0
6/25/2023 4:51,25,4168.33,3.26,50,35,1486,0
6/25/2023 4:51,25,4168.82,3.26,50,35,1487,0
6/25/2023 4:51,25,4169.3,3.26,50,35,1488,0
6/25/2023 4:51,25,4169.9,3.27,50,35,1489,0
6/25/2023 4:51,25,4170.38,3.26,50,35,1490,0
6/25/2023 4:51,25,4170.87,3.26,50,35,1491,0
6/25/2023 4:51,25,4171.35,3.26,50,35,1492,0
6/25/2023 4:52,25,4171.95,3.26,50,35,1493,0
6/25/2023 4:52,25,4172.43,3.26,50,35,1494,0
6/25/2023 4:52,25,4172.92,3.27,50,35,1495,0
6/25/2023 4:52,25,4173.4,3.26,50,35,1496,0
6/25/2023 4:52,25,4173.89,3.26,50,35,1497,0
6/25/2023 4:52,25,4174.37,3.26,50,35,1498,0
6/25/2023 4:52,25,4174.85,3.27,50,35,1499,0
6/25/2023 5:40,25,4205.01,3.26,57,35,1500,0
6/25/2023 5:40,25,4205.49,3.26,57,35,1501,0
6/25/2023 5:40,25,4206.09,3.26,57,35,1502,0
6/25/2023 5:40,25,4206.57,3.26,57,35,1503,0
6/25/2023 5:40,25,4207.06,3.26,57,35,1504,0
6/25/2023 5:40,25,4207.54,3.27,57,35,1505,0
6/25/2023 5:50,25,4224.16,3.27,57,35,1505,0
6/25/2023 5:50,25,4224.59,3.26,57,35,1506,0
6/25/2023 5:50,25,4225.52,3.27,57,35,1507,0
6/25/2023 6:08,25.25,4246.58,3.27,57,35,1507,0
6/25/2023 6:08,25.25,4247.01,3.27,57,35,1508,0
6/25/2023 6:08,25.25,4247.5,3.27,57,35,1509,0
6/25/2023 6:08,25.25,4247.98,3.27,57,35,1510,0
6/25/2023 6:08,25.25,4248.33,3.27,57,36,1510,0
6/25/2023 6:08,25.25,4248.82,3.27,57,37,1510,0
6/25/2023 6:08,25.25,4249.31,3.28,57,38,1510,0
6/25/2023 6:09,25.25,4250.14,3.28,57,39,1510,0
6/25/2023 6:09,25.25,4250.62,3.27,57,40,1510,0
6/25/2023 6:09,25.25,4251.11,3.26,57,41,1510,0
6/25/2023 6:09,25.25,4251.59,3.27,57,42,1510,0
6/25/2023 6:09,25.25,4252.42,3.27,57,43,1510,0
6/25/2023 6:09,25.25,4252.9,3.27,57,44,1510,0
6/25/2023 6:10,25.25,4255.21,3.27,61,45,1510,0
6/25/2023 6:45,25.5,4275.96,3.27,61,45,1511,0
6/25/2023 6:45,25.5,4276.44,3.27,61,45,1512,0
6/25/2023 6:45,25.5,4276.93,3.26,61,45,1513,0
6/25/2023 6:53,25.5,4281.96,3.27,61,45,1514,0
6/25/2023 6:54,25.5,4282.79,3.27,61,45,1515,0
6/25/2023 6:54,25.5,4283.27,3.27,61,45,1516,0
6/25/2023 6:54,25.5,4283.76,3.27,61,45,1517,0
6/25/2023 10:01,25,4390.96,3.26,62,45,1518,0
6/25/2023 10:01,25,4391.44,3.26,62,45,1519,0
6/25/2023 10:01,25,4391.92,3.26,62,45,1520,0
6/25/2023 10:01,25,4392.41,3.26,62,45,1521,0
6/25/2023 10:01,25,4392.89,3.26,62,45,1522,0
6/25/2023 10:01,25,4393.38,3.27,62,45,1523,0
6/25/2023 10:01,25,4393.86,3.27,62,45,1524,0
6/25/2023 10:01,25,4394.57,3.26,62,45,1525,0
6/25/2023 10:01,25,4395.06,3.26,62,45,1526,0
6/25/2023 10:02,25,4395.54,3.26,62,45,1527,0
6/25/2023 10:02,25,4396.02,3.27,62,45,1528,0
6/25/2023 10:02,25,4396.62,3.27,62,45,1529,0
6/25/2023 10:02,25,4397.11,3.26,62,45,1530,0
6/25/2023 10:02,25,4397.59,3.27,62,45,1531,0
6/25/2023 10:02,25,4398.19,3.27,62,45,1532,0
6/25/2023 10:17,25.25,4417.77,3.27,62,45,1532,0
6/25/2023 10:17,25.25,4418.19,3.27,62,45,1533,0
6/25/2023 15:29,25.5,4596.35,3.26,62,45,1534,0
6/25/2023 15:29,25.5,4596.83,3.27,62,45,1535,0
6/25/2023 15:32,25.5,4599.02,3.27,62,45,1536,0
6/25/2023 15:32,25.5,4599.73,3.27,62,45,1537,0
6/25/2023 15:32,25.5,4600.22,3.27,62,45,1538,0
6/25/2023 15:32,25.5,4600.7,3.27,62,45,1539,0
6/25/2023 15:32,25.5,4601.19,3.27,62,45,1540,0
6/25/2023 15:32,25.5,4601.67,3.27,62,45,1541,0
6/25/2023 15:32,25.5,4602.15,3.27,62,45,1542,0
6/25/2023 15:33,25.5,4602.64,3.26,62,45,1543,0
6/25/2023 15:33,25.5,4603.12,3.27,62,45,1544,0
6/25/2023 15:33,25.5,4603.61,3.27,62,45,1545,0
6/25/2023 15:33,25.5,4604.09,3.26,62,45,1546,0
6/25/2023 15:33,25.5,4604.57,3.27,62,45,1547,0
6/25/2023 15:33,25.5,4605.06,3.27,62,45,1548,0
6/25/2023 15:33,25.5,4605.55,3.27,62,45,1549,0
6/25/2023 15:33,25.5,4606.03,3.27,62,45,1550,0
6/25/2023 15:33,25.5,4606.52,3.27,62,45,1551,0
6/25/2023 15:33,25.5,4607.11,3.27,62,45,1552,0
6/25/2023 15:33,25.5,4607.6,3.27,62,45,1553,0
6/25/2023 15:33,25.5,4608.08,3.25,62,45,1554,0
6/25/2023 15:33,25.5,4608.56,3.26,62,45,1555,0
6/25/2023 15:33,25.5,4609.05,3.27,62,45,1556,0
6/25/2023 15:33,25.5,4609.53,3.27,62,45,1557,0
6/25/2023 15:33,25.5,4610.02,3.27,62,45,1558,0
6/25/2023 15:33,25.5,4610.5,3.26,62,45,1559,0
6/25/2023 15:33,25.5,4610.99,3.27,62,45,1560,0
6/25/2023 15:33,25.5,4611.48,3.27,62,45,1561,0
6/25/2023 15:33,25.5,4612,3.27,62,45,1562,0
6/25/2023 15:34,25.5,4612.71,3.27,62,45,1563,0
6/25/2023 17:48,25.5,4689.52,3.27,62,45,1564,0
6/25/2023 17:48,25.5,4690,3.27,62,45,1565,0
6/25/2023 17:48,25.5,4690.6,3.27,62,45,1566,0
6/25/2023 17:48,25.5,4691.08,3.27,62,45,1567,0
6/25/2023 17:48,25.5,4691.57,3.27,62,45,1568,0
6/25/2023 17:48,25.5,4692.05,3.27,62,45,1569,0
6/25/2023 17:48,25.5,4692.54,3.27,62,45,1570,0
6/25/2023 17:48,25.5,4693.02,3.27,62,45,1571,0
6/25/2023 17:48,25.5,4693.5,3.26,62,45,1572,0
6/25/2023 17:48,25.5,4694.1,3.27,62,45,1573,0
6/25/2023 17:48,25.5,4694.7,3.27,62,45,1574,0
6/25/2023 17:49,25.5,4695.53,3.27,62,45,1575,0
6/25/2023 17:49,25.5,4696.01,3.27,62,45,1576,0
6/25/2023 17:49,25.5,4696.5,3.27,62,45,1577,0
6/25/2023 17:49,25.5,4696.98,3.27,62,45,1578,0
6/25/2023 17:49,25.5,4697.58,3.27,62,45,1579,0
6/25/2023 19:20,25.25,4749.47,3.26,62,45,1580,0
6/25/2023 19:20,25.25,4749.96,3.27,62,45,1581,0
6/25/2023 19:20,25.25,4750.44,3.26,62,45,1582,0
6/25/2023 19:20,25.25,4750.92,3.27,62,45,1583,0
6/25/2023 19:20,25.25,4751.41,3.26,62,45,1584,0
6/25/2023 19:20,25.25,4752.01,3.26,62,45,1585,0
6/25/2023 19:20,25.25,4752.61,3.26,62,45,1586,0
6/25/2023 19:20,25.25,4753.09,3.26,62,45,1587,0
6/25/2023 19:20,25.25,4753.57,3.26,62,45,1588,0
6/25/2023 19:20,25.25,4754.06,3.27,62,45,1589,0
6/25/2023 19:20,25.25,4754.54,3.27,62,45,1590,0
6/25/2023 19:21,25.25,4755.37,3.26,62,45,1591,0
6/25/2023 19:32,25.25,4762.11,3.27,62,45,1592,0
6/25/2023 19:41,25.25,4767.48,3.26,62,45,1593,0
6/25/2023 20:26,25,4793.9,3.26,62,45,1594,0
6/25/2023 20:26,25,4794.61,3.26,62,45,1595,0
6/25/2023 20:26,25,4795.1,3.27,62,45,1596,0
6/25/2023 20:27,25,4795.69,3.26,62,45,1597,0
6/25/2023 20:27,25,4796.29,3.26,62,45,1598,0
6/25/2023 20:27,25,4796.77,3.27,62,45,1599,0
6/25/2023 20:27,25,4797.26,3.26,62,45,1600,0
6/25/2023 20:27,25,4797.74,3.26,62,45,1601,0
6/25/2023 20:27,25,4798.34,3.27,62,45,1602,0
6/25/2023 20:27,25,4798.83,3.27,62,45,1603,0
6/25/2023 20:27,25,4799.31,3.26,62,45,1604,0
6/25/2023 20:27,25,4799.8,3.26,62,45,1605,0
6/25/2023 20:27,25,4800.28,3.27,62,45,1606,0
6/25/2023 20:27,25,4800.76,3.26,62,45,1607,0
6/25/2023 20:27,25,4801.36,3.27,62,45,1608,0
6/25/2023 20:27,25,4801.84,3.26,62,45,1609,0
6/25/2023 20:27,25,4802.33,3.27,62,45,1610,0
6/25/2023 20:27,25,4802.81,3.27,62,45,1611,0
6/25/2023 20:28,25,4803.3,3.26,62,45,1612,0
6/25/2023 20:28,25,4803.78,3.26,62,45,1613,0
6/25/2023 20:28,25,4804.27,3.27,62,45,1614,0
6/25/2023 20:38,25.25,4810.55,3.27,62,45,1615,0
6/25/2023 20:38,25.25,4811.04,3.27,62,45,1616,0
6/25/2023 20:38,25.25,4811.52,3.27,62,45,1617,0
6/25/2023 20:38,25.25,4812.01,3.25,62,45,1618,0
6/25/2023 20:40,25.25,4824.19,3.25,62,45,1618,0
6/25/2023 20:40,25.25,4824.68,3.27,62,45,1619,0
6/25/2023 20:40,25.25,4825.17,3.26,62,45,1620,0
6/25/2023 20:55,25.5,4834.43,3.26,62,45,1621,0
6/25/2023 20:55,25.5,4834.91,3.27,62,45,1622,0
6/25/2023 20:55,25.5,4835.4,3.27,62,45,1623,0
6/25/2023 20:55,25.5,4835.88,3.27,62,45,1624,0
6/25/2023 20:55,25.5,4836.36,3.27,62,45,1625,0
6/25/2023 20:55,25.5,4836.85,3.27,62,45,1626,0
6/25/2023 20:55,25.5,4837.34,3.27,62,45,1627,0
6/25/2023 20:55,25.5,4837.83,3.27,62,45,1628,0
6/25/2023 20:55,25.5,4838.31,3.27,62,45,1629,0
6/25/2023 20:56,25.5,4838.8,3.26,62,45,1630,0
6/25/2023 20:56,25.5,4839.28,3.27,62,45,1631,0
6/25/2023 20:56,25.5,4839.77,3.26,62,45,1632,0
6/25/2023 20:56,25.5,4840.25,3.27,62,45,1633,0
6/25/2023 20:56,25.5,4840.73,3.27,62,45,1634,0
6/25/2023 20:56,25.5,4841.22,3.27,62,45,1635,0
6/25/2023 20:56,25.5,4841.71,3.27,62,45,1636,0
6/25/2023 20:56,25.5,4842.2,3.27,62,45,1637,0
6/25/2023 20:56,25.5,4842.68,3.27,62,45,1638,0
6/25/2023 20:56,25.5,4843.17,3.27,62,45,1639,0
6/25/2023 20:56,25.5,4843.65,3.27,62,45,1640,0
6/25/2023 20:56,25.5,4844.13,3.27,62,45,1641,0
6/25/2023 20:56,25.5,4855.63,3.27,62,45,1641,0
6/25/2023 20:56,25.5,4856.06,3.27,62,45,1642,0
6/25/2023 20:56,25.5,4856.54,3.26,62,45,1643,0
6/25/2023 20:56,25.5,4857.03,3.26,62,45,1644,0
6/25/2023 20:56,25.5,4857.52,3.26,62,45,1645,0
6/25/2023 20:56,25.5,4858.11,3.27,62,45,1646,0
6/25/2023 20:56,25.5,4858.6,3.26,62,45,1647,0
6/25/2023 20:56,25.5,4859.08,3.27,62,45,1648,0
6/25/2023 20:57,25.5,4859.56,3.27,62,45,1649,0
6/25/2023 20:57,25.5,4860.16,3.27,62,45,1650,0
6/25/2023 20:57,25.5,4860.64,3.27,62,45,1651,0
6/25/2023 20:57,25.5,4861.13,3.27,62,45,1652,0
6/25/2023 20:57,25.5,4861.61,3.27,62,45,1653,0
6/25/2023 20:57,25.5,4862.1,3.27,62,45,1654,0
6/25/2023 20:57,25.5,4862.58,3.27,62,45,1655,0
6/25/2023 20:57,25.5,4863.07,3.27,62,45,1656,0
6/25/2023 20:57,25.5,4863.55,3.27,62,45,1657,0
6/25/2023 20:57,25.5,4864.03,3.27,62,45,1658,0
6/25/2023 20:57,25.5,4864.52,3.26,62,45,1659,0
6/25/2023 20:57,25.5,4865,3.27,62,45,1660,0
6/25/2023 20:57,25.5,4865.49,3.27,62,45,1661,0
6/25/2023 20:57,25.5,4865.98,3.27,62,45,1662,0
6/25/2023 20:57,25.5,4866.46,3.27,62,45,1663,0
6/25/2023 20:57,25.5,4866.94,3.27,62,45,1664,0
6/25/2023 21:25,25.25,4883.01,3.27,62,45,1665,0
6/25/2023 21:31,25.25,4897.69,3.27,62,45,1665,0
6/25/2023 21:35,25.25,4900.57,3.27,62,45,1666,0
6/25/2023 21:47,25,4907.76,3.26,62,45,1667,0
6/25/2023 22:03,25,4917.8,3.26,62,45,1668,0
6/25/2023 22:05,25,4919.08,3.27,62,45,1669,0
6/25/2023 22:06,25,4920.25,3.27,62,45,1670,0
6/25/2023 22:06,25,4931.64,3.27,62,45,1670,0
6/25/2023 22:06,25,4932.06,3.26,62,45,1671,0
6/25/2023 22:06,25,4932.55,3.27,62,45,1672,0
6/25/2023 22:06,25,4933.03,3.27,62,45,1673,0
6/25/2023 22:07,25,4933.63,3.27,62,45,1674,0
6/25/2023 22:07,25,4934.22,3.27,62,45,1675,0
6/25/2023 22:07,25,4934.71,3.27,62,45,1676,0
6/25/2023 22:07,25,4935.2,3.27,62,45,1677,0
6/25/2023 22:07,25,4935.71,3.26,62,45,1678,0
6/25/2023 22:07,25,4936.19,3.27,62,45,1679,0
6/25/2023 22:07,25,4936.67,3.26,62,45,1680,0
6/25/2023 22:07,25,4937.16,3.26,62,45,1681,0
6/25/2023 22:07,25,4937.64,3.27,62,45,1682,0
6/25/2023 22:07,25,4938.13,3.27,62,45,1683,0
6/25/2023 22:07,25,4938.61,3.26,62,45,1684,0
6/25/2023 22:07,25,4939.21,3.27,62,45,1685,0
6/25/2023 22:07,25,4939.69,3.27,62,45,1686,0
6/25/2023 22:07,25,4940.18,3.26,62,45,1687,0
6/25/2023 22:07,25,4940.66,3.27,62,45,1688,0
6/25/2023 22:07,25,4941.26,3.26,62,45,1689,0
6/25/2023 22:08,25,4941.74,3.26,62,45,1690,0
6/25/2023 22:08,25,4942.34,3.25,62,45,1691,0
6/25/2023 22:08,25,4942.82,3.27,62,45,1692,0
6/25/2023 22:08,25,4943.31,3.26,62,45,1693,0
6/25/2023 22:08,25,4943.91,3.26,62,45,1694,0
6/25/2023 22:08,25,4944.39,3.27,62,45,1695,0
6/25/2023 22:08,25,4944.88,3.26,62,45,1696,0
6/25/2023 22:08,25,4945.36,3.26,62,45,1697,0
6/25/2023 22:08,25,4945.96,3.26,62,45,1698,0
6/25/2023 22:08,25,4946.44,3.27,62,45,1699,0
6/25/2023 22:08,25,4946.93,3.27,62,45,1700,0
6/25/2023 22:08,25,4947.52,3.26,62,45,1701,0
6/25/2023 22:09,25,4948.12,3.27,62,45,1702,0
6/25/2023 22:09,25,4948.61,3.26,62,45,1703,0
6/25/2023 22:09,25,4949.09,3.27,62,45,1704,0
6/25/2023 22:09,25,4949.58,3.27,62,45,1705,0
6/25/2023 23:41,25.25,5002.72,3.26,62,45,1706,0
6/25/2023 23:41,25.25,5003.21,3.27,62,45,1707,0
6/25/2023 23:42,25.25,5004.26,3.27,62,45,1708,0
6/25/2023 23:43,25.25,5004.74,3.27,62,45,1709,0
6/25/2023 23:43,25.25,5005.34,3.26,62,45,1710,0
6/25/2023 23:43,25.25,5005.82,3.26,62,45,1711,0
6/25/2023 23:43,25.25,5006.31,3.27,62,45,1712,0
6/25/2023 23:43,25.25,5006.8,3.27,62,45,1713,0
6/25/2023 23:43,25.25,5007.51,3.26,62,45,1714,0
6/25/2023 23:43,25.25,5007.99,3.27,62,45,1715,0
6/25/2023 23:43,25.25,5008.47,3.27,62,45,1716,0
6/25/2023 23:43,25.25,5008.96,3.27,62,45,1717,0
6/25/2023 23:43,25.25,5009.44,3.27,62,45,1718,0
6/25/2023 23:51,25.25,5024.92,3.27,62,45,1718,0
6/26/2023 0:33,25.25,5049.41,3.27,62,45,1719,0
6/26/2023 0:45,25.25,5067.39,3.27,62,45,1719,0
6/26/2023 0:45,25.25,5067.82,3.27,62,45,1720,0
6/26/2023 1:00,25.25,5077.07,3.27,63,46,1720,0
6/26/2023 1:01,25.25,5079.32,3.27,67,47,1720,0
6/26/2023 1:02,25.25,5080.49,3.27,67,48,1720,0
6/26/2023 1:02,25.25,5092.24,3.27,67,48,1720,0
6/26/2023 1:02,25.25,5092.67,3.26,67,48,1721,0
6/26/2023 1:03,25.25,5093.6,3.27,67,48,1722,0
6/26/2023 1:03,25.25,5094.09,3.26,67,48,1723,0
6/26/2023 1:03,25.25,5094.57,3.27,67,48,1724,0
6/26/2023 1:03,25.25,5095.06,3.27,67,48,1725,0
6/26/2023 1:04,25.25,5095.54,3.27,67,48,1726,0
6/26/2023 1:04,25.25,5096.03,3.26,67,48,1727,0
6/26/2023 1:04,25.25,5096.51,3.27,67,48,1728,0
6/26/2023 1:04,25.25,5096.99,3.27,67,48,1729,0
6/26/2023 1:04,25.25,5097.59,3.27,67,48,1730,0
6/26/2023 1:04,25.25,5098.08,3.27,67,48,1731,0
6/26/2023 1:04,25.25,5098.57,3.27,67,48,1732,0
6/26/2023 1:04,25.25,5099.07,3.27,67,48,1733,0
6/26/2023 1:04,25.25,5099.55,3.27,67,48,1734,0
6/26/2023 1:04,25.25,5100.04,3.26,67,48,1735,0
6/26/2023 1:04,25.25,5100.52,3.27,67,48,1736,0
6/26/2023 1:04,25.25,5101.01,3.27,67,48,1737,0
6/26/2023 1:04,25.25,5101.49,3.27,67,48,1738,0
6/26/2023 1:04,25.25,5101.97,3.27,67,48,1739,0
6/26/2023 1:04,25.25,5102.57,3.26,67,48,1740,0
6/26/2023 1:04,25.25,5103.06,3.26,67,48,1741,0
6/26/2023 2:38,25.5,5157.75,3.27,69,48,1742,0
6/26/2023 2:39,25.5,5158.34,3.27,69,48,1743,0
6/26/2023 2:39,25.5,5158.83,3.26,69,48,1744,0
6/26/2023 2:39,25.5,5159.31,3.27,69,48,1745,0
6/26/2023 2:39,25.5,5159.8,3.27,69,48,1746,0
6/26/2023 2:39,25.5,5160.28,3.27,69,48,1747,0
6/26/2023 2:39,25.5,5160.76,3.27,69,48,1748,0
6/26/2023 2:39,25.5,5161.25,3.27,69,48,1749,0
6/26/2023 2:39,25.5,5161.84,3.27,69,48,1750,0
6/26/2023 2:39,25.5,5162.33,3.27,69,48,1751,0
6/26/2023 2:39,25.5,5162.82,3.26,69,48,1752,0
6/26/2023 2:39,25.5,5163.3,3.27,69,48,1753,0
6/26/2023 2:39,25.5,5163.78,3.26,69,48,1754,0
6/26/2023 2:39,25.5,5164.27,3.27,69,48,1755,0
6/26/2023 2:39,25.5,5164.75,3.27,69,48,1756,0
6/26/2023 2:39,25.5,5165.24,3.27,69,48,1757,0
6/26/2023 2:39,25.5,5165.72,3.27,69,48,1758,0
6/26/2023 2:39,25.5,5166.32,3.27,69,48,1759,0
6/26/2023 2:40,25.5,5166.92,3.27,69,48,1760,0
6/26/2023 2:40,25.5,5167.4,3.26,69,48,1761,0
6/26/2023 2:40,25.5,5167.89,3.27,69,48,1762,0
6/26/2023 2:40,25.5,5168.37,3.27,69,48,1763,0
6/26/2023 2:40,25.5,5168.85,3.27,69,48,1764,0
6/26/2023 2:40,25.5,5169.34,3.27,69,48,1765,0
6/26/2023 4:28,25.25,5231.24,3.26,69,48,1766,0
6/26/2023 4:28,25.25,5231.73,3.27,69,48,1767,0
6/26/2023 4:28,25.25,5232.21,3.27,69,48,1768,0
6/26/2023 4:28,25.25,5232.7,3.26,69,48,1769,0
6/26/2023 4:28,25.25,5233.18,3.27,69,48,1770,0
6/26/2023 4:28,25.25,5233.67,3.27,69,48,1771,0
6/26/2023 4:28,25.25,5234.15,3.26,69,48,1772,0
6/26/2023 4:28,25.25,5234.64,3.26,69,48,1773,0
6/26/2023 4:28,25.25,5235.12,3.27,69,48,1774,0
6/26/2023 4:28,25.25,5235.6,3.27,69,48,1775,0
6/26/2023 4:28,25.25,5236.09,3.27,69,48,1776,0
6/26/2023 4:34,25.25,5251,3.27,69,48,1776,0
6/26/2023 4:34,25.25,5251.43,3.26,69,48,1777,0
6/26/2023 5:22,25.25,5278.65,3.27,69,48,1778,0
6/26/2023 5:22,25.25,5279.13,3.27,69,48,1779,0
6/26/2023 5:22,25.25,5279.73,3.27,69,48,1780,0
6/26/2023 5:22,25.25,5280.21,3.26,69,48,1781,0
6/26/2023 5:22,25.25,5280.69,3.26,69,48,1782,0
6/26/2023 5:22,25.25,5281.18,3.27,69,48,1783,0
6/26/2023 5:22,25.25,5281.66,3.26,69,48,1784,0
6/26/2023 5:22,25.25,5282.15,3.26,69,48,1785,0
6/26/2023 5:22,25.25,5282.64,3.27,69,48,1786,0
6/26/2023 5:22,25.25,5283.12,3.26,69,48,1787,0
6/26/2023 5:22,25.25,5283.72,3.26,69,48,1788,0
6/26/2023 5:22,25.25,5284.2,3.27,69,48,1789,0
6/26/2023 5:22,25.25,5284.68,3.27,69,48,1790,0
6/26/2023 5:22,25.25,5285.18,3.27,69,48,1791,0
6/26/2023 5:22,25.25,5285.67,3.27,69,48,1792,0
6/26/2023 5:22,25.25,5286.16,3.26,69,48,1793,0
6/26/2023 5:23,25.25,5286.76,3.26,69,48,1794,0
6/26/2023 5:23,25.25,5287.24,3.27,69,48,1795,0
6/26/2023 5:43,25,5302.32,3.27,78,48,1796,0
6/26/2023 5:43,25,5302.8,3.27,78,48,1797,0
6/26/2023 5:43,25,5303.29,3.27,78,48,1798,0
6/26/2023 5:43,25,5303.77,3.26,78,48,1799,0
6/26/2023 5:43,25,5304.26,3.27,78,48,1800,0
6/26/2023 5:43,25,5304.74,3.26,78,48,1801,0
6/26/2023 5:43,25,5305.22,3.27,78,48,1802,0
6/26/2023 5:43,25,5305.71,3.26,78,48,1803,0
6/26/2023 5:43,25,5306.2,3.27,78,48,1804,0
6/26/2023 5:43,25,5306.68,3.27,78,48,1805,0
6/26/2023 5:43,25,5307.28,3.27,78,48,1806,0
6/26/2023 5:43,25,5307.76,3.27,78,48,1807,0
6/26/2023 5:43,25,5308.24,3.26,78,48,1808,0
6/26/2023 5:43,25,5308.73,3.27,78,48,1809,0
6/26/2023 5:43,25,5309.21,3.27,78,48,1810,0
6/26/2023 5:44,25,5309.81,3.27,78,48,1811,0
6/26/2023 5:44,25,5310.41,3.26,78,48,1812,0
6/26/2023 5:44,25,5311.01,3.26,78,48,1813,0
6/26/2023 5:44,25,5311.49,3.26,78,48,1814,0
6/26/2023 6:01,25.25,5332.92,3.27,79,48,1814,0
6/26/2023 6:01,25.25,5333.34,3.27,79,48,1815,0
6/26/2023 6:28,25,5348.73,3.26,79,48,1816,0
6/26/2023 6:28,25,5349.21,3.26,79,48,1817,0
6/26/2023 6:55,25,5377.81,3.28,84,48,1817,0
6/26/2023 6:55,25,5378.55,3.27,85,48,1818,0
6/26/2023 6:55,25,5379.26,3.27,85,48,1819,0
6/26/2023 7:01,25,5383.16,3.26,85,48,1820,0
6/26/2023 7:02,25,5383.76,3.26,85,48,1821,0
6/26/2023 7:02,25,5384.24,3.26,85,48,1822,0
6/26/2023 7:02,25,5384.84,3.26,85,48,1823,0
6/26/2023 7:02,25,5385.32,3.25,85,48,1824,0
6/26/2023 7:02,25,5385.8,3.27,85,48,1825,0
6/26/2023 7:02,25,5386.29,3.26,85,48,1826,0
6/26/2023 7:02,25,5386.77,3.26,85,48,1827,0
6/26/2023 7:02,25,5387.26,3.26,85,48,1828,0
6/26/2023 7:02,25,5387.74,3.26,85,48,1829,0
6/26/2023 7:02,25,5388.23,3.27,85,48,1830,0
6/26/2023 7:02,25,5388.71,3.26,85,48,1831,0
6/26/2023 7:02,25,5389.19,3.26,85,48,1832,0
6/26/2023 7:02,25,5389.68,3.26,85,48,1833,0
6/26/2023 7:02,25,5390.16,3.27,85,48,1834,0
6/26/2023 7:02,25,5390.65,3.26,85,48,1835,0
6/26/2023 7:02,25,5391.25,3.25,85,48,1836,0
6/26/2023 7:02,25,5391.73,3.27,85,48,1837,0
6/26/2023 7:02,25,5392.22,3.27,85,48,1838,0
6/26/2023 7:02,25,5392.7,3.27,85,48,1839,0
6/26/2023 7:02,25,5393.19,3.26,85,48,1840,0
6/26/2023 7:02,25,5393.67,3.27,85,48,1841,0
6/26/2023 7:03,25.25,5394.27,3.27,85,48,1842,0
6/26/2023 7:03,25.25,5394.86,3.26,85,48,1843,0
6/26/2023 7:09,25.25,5398.76,3.26,85,48,1844,0
6/26/2023 11:37,25.25,5551.54,3.26,85,48,1845,0
6/26/2023 11:37,25.25,5552.03,3.26,85,48,1846,0
6/26/2023 11:37,25.25,5552.52,3.27,85,48,1847,0
6/26/2023 11:37,25.25,5553,3.26,85,48,1848,0
6/26/2023 11:37,25.25,5553.49,3.26,85,48,1849,0
6/26/2023 11:37,25.25,5553.99,3.27,85,48,1850,0
6/26/2023 11:37,25.25,5554.47,3.26,85,48,1851,0
6/26/2023 11:37,25.25,5554.96,3.26,85,48,1852,0
6/26/2023 11:37,25.25,5555.55,3.26,85,48,1853,0
6/26/2023 11:37,25.25,5556.15,3.26,85,48,1854,0
6/26/2023 11:37,25.25,5556.64,3.27,85,48,1855,0
6/26/2023 11:37,25.25,5557.12,3.27,85,48,1856,0
6/26/2023 11:37,25.25,5557.61,3.27,85,48,1857,0
6/26/2023 11:37,25.25,5558.09,3.27,85,48,1858,0
6/26/2023 11:37,25.25,5558.69,3.27,85,48,1859,0
6/26/2023 11:38,25.25,5559.28,3.26,85,48,1860,0
6/26/2023 11:38,25.25,5559.88,3.26,85,48,1861,0
6/26/2023 11:38,25.25,5560.37,3.27,85,48,1862,0
6/26/2023 11:38,25.25,5560.85,3.26,85,48,1863,0
6/26/2023 11:38,25.25,5561.34,3.27,85,48,1864,0
6/26/2023 11:38,25.25,5561.94,3.27,85,48,1865,0
6/26/2023 11:38,25.25,5562.42,3.27,85,48,1866,0
6/26/2023 11:38,25.25,5562.9,3.27,85,48,1867,0
6/26/2023 11:38,25.25,5563.39,3.26,85,48,1868,0
6/26/2023 11:38,25.25,5563.87,3.27,85,48,1869,0
6/26/2023 11:39,25.25,5575.49,3.27,85,48,1869,0
6/26/2023 11:39,25.25,5575.91,3.26,85,48,1870,0
6/26/2023 13:53,25.25,5652.94,3.27,85,48,1871,0
6/26/2023 13:53,25.25,5653.54,3.27,85,48,1872,0
6/26/2023 13:54,25.25,5654.14,3.26,85,48,1873,0
6/26/2023 13:54,25.25,5654.74,3.27,85,48,1874,0
6/26/2023 13:54,25.25,5655.34,3.27,85,48,1875,0
6/26/2023 13:54,25.25,5655.82,3.26,85,48,1876,0
6/26/2023 13:54,25.25,5656.65,3.27,85,48,1877,0
6/26/2023 13:54,25.25,5657.13,3.27,85,48,1878,0
6/26/2023 13:55,25.25,5657.61,3.27,85,48,1879,0
6/26/2023 13:55,25.25,5658.21,3.27,85,48,1880,0
6/26/2023 13:55,25.25,5658.7,3.26,85,48,1881,0
6/26/2023 13:55,25.25,5659.18,3.26,85,48,1882,0
6/26/2023 13:55,25.25,5659.67,3.27,85,48,1883,0
6/26/2023 13:55,25.25,5660.15,3.27,85,48,1884,0
6/26/2023 15:57,25.25,5730.36,3.27,85,48,1885,0
6/26/2023 15:58,25.25,5730.96,3.27,85,48,1886,0
6/26/2023 15:58,25.25,5731.56,3.27,85,48,1887,0
6/26/2023 15:58,25.25,5732.04,3.27,85,48,1888,0
6/26/2023 15:58,25.25,5732.52,3.27,85,48,1889,0
6/26/2023 15:58,25.25,5733.13,3.27,85,48,1890,0
6/26/2023 15:58,25.25,5733.61,3.27,85,48,1891,0
6/26/2023 15:58,25.25,5734.09,3.26,85,48,1892,0
6/26/2023 15:58,25.25,5734.58,3.27,85,48,1893,0
6/26/2023 15:58,25.25,5735.18,3.27,85,48,1894,0
6/26/2023 15:58,25.25,5735.66,3.27,85,48,1895,0
6/26/2023 15:58,25.25,5736.26,3.27,85,48,1896,0
6/26/2023 15:58,25.25,5736.74,3.27,85,48,1897,0
6/26/2023 15:59,25.25,5737.45,3.27,85,48,1898,0
6/26/2023 15:59,25.25,5737.94,3.26,85,48,1899,0
6/26/2023 15:59,25.25,5738.43,3.26,85,48,1900,0
6/26/2023 16:49,25.5,5767.35,3.27,85,48,1901,0
6/26/2023 17:00,23,5784.77,3.27,85,48,1901,0
