Timestamp,Temperature,ElapsedSecs,BatteryVoltage,LeftCount,LeftDur,RightCount,RightDur,LeftFeedCount,LeftFeedDur,FeedParadigm
7/6/2023 18:36:39,21.75,18.67,3.26,1,0,0,0,1,0,1
7/6/2023 18:36:39,21.75,19.21,3.26,1,0,0,0,2,0,1
7/6/2023 18:36:57,21.75,36.91,3.26,1,0,0,0,3,0,1
7/6/2023 18:37:36,21.75,76.51,3.27,1,0,0,0,4,0,1
7/6/2023 18:37:38,21.75,78.09,3.25,1,0,0,0,5,0,1
7/6/2023 18:37:38,21.75,78.20,3.25,1,0,0,0,5,0,1
7/6/2023 18:41:33,22.25,86.74,3.26,1,0,1,0,5,0,1
7/6/2023 18:41:58,22.50,97.09,3.26,2,0,1,0,6,0,1
7/6/2023 18:41:59,22.50,97.83,3.24,2,0,1,0,7,0,1
7/6/2023 18:42:00,22.50,99.31,3.26,2,0,1,0,8,0,1
7/6/2023 18:42:01,22.50,100.28,3.25,2,0,1,0,9,0,1
7/6/2023 18:42:02,22.50,100.94,3.26,2,0,1,0,10,0,1
7/6/2023 18:42:03,22.50,101.66,3.26,2,0,1,0,11,0,1
7/6/2023 18:42:04,22.50,102.50,3.26,2,0,1,0,12,0,1
7/6/2023 18:42:05,22.50,103.56,3.26,2,0,1,0,13,0,1
7/6/2023 18:42:06,22.50,104.81,3.26,2,0,1,0,14,0,1
7/6/2023 18:42:06,22.50,105.32,3.26,2,0,1,0,15,0,1
7/6/2023 18:42:07,22.50,106.15,3.26,2,0,1,0,16,0,1
7/6/2023 18:42:13,22.50,111.63,3.25,2,0,1,0,17,0,1
7/6/2023 18:42:13,22.50,112.38,3.26,2,0,1,0,18,0,1
7/6/2023 18:42:14,22.50,112.81,3.26,2,0,1,0,19,0,1
7/6/2023 18:42:24,22.50,122.87,3.26,2,0,1,0,20,0,1
7/6/2023 18:42:24,22.50,123.43,3.25,2,0,1,0,21,0,1
7/6/2023 18:42:25,22.50,124.27,3.26,2,0,1,0,22,0,1
7/6/2023 18:42:28,22.50,127.40,3.26,2,0,1,0,23,0,1
7/6/2023 18:42:29,22.50,127.89,3.26,2,0,1,0,24,0,1
7/6/2023 18:42:31,22.50,129.94,3.26,2,0,1,0,25,0,1
7/6/2023 18:42:32,22.50,131.31,3.25,2,0,1,0,26,0,1
7/6/2023 18:42:33,22.50,132.27,3.26,2,0,1,0,27,0,1
7/6/2023 18:42:34,22.50,133.01,3.26,2,0,1,0,28,0,1
7/6/2023 18:42:36,22.50,135.24,3.25,2,0,1,0,29,0,1
7/6/2023 18:42:38,22.50,136.64,3.26,2,0,1,0,30,0,1
7/6/2023 18:42:50,22.50,149.13,3.26,2,0,1,0,31,0,1
7/6/2023 18:42:51,22.50,149.80,3.26,2,0,1,0,32,0,1
7/6/2023 18:42:53,22.50,152.45,3.26,2,0,1,0,32,0,1
7/6/2023 19:43:34,23.25,202.47,3.25,3,0,1,0,33,0,1
7/6/2023 19:43:35,23.25,203.06,3.25,3,0,1,0,34,0,1
7/6/2023 19:43:50,23.25,217.88,3.26,3,0,1,0,35,0,1
7/6/2023 19:43:50,23.25,218.57,3.26,3,0,1,0,36,0,1
7/6/2023 19:43:52,23.25,220.15,3.25,3,0,1,0,37,0,1
7/6/2023 19:43:53,23.25,220.95,3.26,3,0,1,0,38,0,1
7/6/2023 19:43:55,23.25,223.36,3.26,3,0,1,0,39,0,1
7/6/2023 19:43:58,23.25,226.11,3.26,3,0,1,0,40,0,1
7/6/2023 19:43:59,23.25,227.71,3.26,3,0,1,0,41,0,1
7/6/2023 19:44:01,23.25,229.45,3.25,3,0,1,0,42,0,1
7/6/2023 19:44:03,23.25,230.86,3.25,3,0,1,0,43,0,1
7/6/2023 19:44:04,23.25,231.92,3.26,3,0,1,0,44,0,1
7/6/2023 19:44:05,23.25,233.04,3.26,3,0,1,0,45,0,1
7/6/2023 19:44:05,23.25,233.60,3.25,3,0,1,0,46,0,1
7/6/2023 19:44:08,23.25,236.40,3.26,3,0,1,0,47,0,1
7/6/2023 19:44:12,23.25,240.24,3.26,3,0,1,0,48,0,1
7/6/2023 19:44:16,23.25,244.17,3.25,3,0,1,0,49,0,1
7/6/2023 19:44:23,23.25,251.68,3.26,3,0,1,0,50,0,1
7/6/2023 19:44:28,23.25,256.72,3.26,3,0,1,0,51,0,1
7/6/2023 19:44:30,23.25,258.84,3.26,3,0,1,0,51,0,1
7/6/2023 19:50:35,23.25,275.39,3.26,4,0,1,0,52,0,1
7/6/2023 19:50:37,23.25,276.65,3.26,4,0,1,0,53,0,1
7/6/2023 19:50:44,23.25,283.52,3.25,4,0,1,0,54,0,1
7/6/2023 19:50:46,23.25,285.72,3.26,4,0,1,0,55,0,1
7/6/2023 19:50:49,23.25,288.73,3.26,4,0,1,0,56,0,1
7/6/2023 19:50:49,23.25,289.23,3.26,4,0,1,0,57,0,1
7/6/2023 19:50:54,23.25,294.27,3.26,4,0,1,0,58,0,1
7/6/2023 19:50:58,23.25,298.01,3.26,4,0,1,0,59,0,1
7/6/2023 19:51:07,23.25,307.12,3.25,4,0,1,0,60,0,1
7/6/2023 19:51:08,23.25,307.79,3.25,4,0,1,0,61,0,1
7/6/2023 19:51:11,23.25,311.00,3.25,4,0,1,0,62,0,1
7/6/2023 19:51:12,23.25,312.14,3.25,4,0,1,0,63,0,1
7/6/2023 19:51:17,23.25,316.90,3.26,4,0,1,0,64,0,1
7/6/2023 19:51:17,23.25,317.36,3.24,4,0,1,0,65,0,1
7/6/2023 19:51:19,23.25,319.46,3.26,4,0,1,0,66,0,1
7/6/2023 19:51:20,23.25,319.99,3.26,4,0,1,0,67,0,1
7/6/2023 19:51:21,23.25,320.87,3.26,4,0,1,0,68,0,1
7/6/2023 19:51:22,23.25,321.76,3.25,4,0,1,0,69,0,1
7/6/2023 19:51:34,23.25,333.64,3.25,4,0,1,0,69,0,1
7/6/2023 20:26:30,23.25,372.64,3.25,5,0,1,0,70,0,1
7/6/2023 20:26:31,23.25,373.23,3.25,5,0,1,0,71,0,1
7/6/2023 20:26:32,23.25,374.77,3.25,5,0,1,0,72,0,1
7/6/2023 20:26:33,23.25,375.36,3.26,5,0,1,0,73,0,1
7/6/2023 20:26:33,23.25,376.05,3.25,5,0,1,0,74,0,1
7/6/2023 20:26:34,23.25,376.49,3.26,5,0,1,0,75,0,1
7/6/2023 20:26:35,23.25,378.09,3.27,5,0,1,0,76,0,1
7/6/2023 20:26:38,23.25,380.65,3.26,5,0,1,0,77,0,1
7/6/2023 20:26:39,23.25,381.92,3.26,5,0,1,0,78,0,1
7/6/2023 20:26:40,23.25,382.47,3.25,5,0,1,0,79,0,1
7/6/2023 20:26:42,23.25,384.75,3.26,5,0,1,0,80,0,1
7/6/2023 20:26:46,23.25,389.00,3.25,5,0,1,0,81,0,1
7/6/2023 20:26:49,23.25,391.75,3.26,5,0,1,0,82,0,1
7/6/2023 20:26:52,23.25,394.70,3.26,5,0,1,0,83,0,1
7/6/2023 20:27:04,23.25,406.82,3.25,5,0,1,0,84,0,1
7/6/2023 20:27:05,23.25,407.74,3.26,5,0,1,0,85,0,1
7/6/2023 20:27:12,23.25,414.71,3.25,5,0,1,0,86,0,1
7/6/2023 20:27:15,23.25,417.56,3.26,5,0,1,0,87,0,1
7/6/2023 20:27:16,23.25,418.65,3.26,5,0,1,0,88,0,1
7/6/2023 20:27:20,23.25,422.65,3.26,5,0,1,0,89,0,1
7/6/2023 20:27:21,23.25,423.56,3.26,5,0,1,0,90,0,1
7/6/2023 20:27:22,23.25,425.10,3.26,5,0,1,0,90,0,1
7/6/2023 20:47:01,23.25,448.17,3.25,6,0,1,0,91,0,1
7/6/2023 20:47:04,23.25,450.70,3.26,6,0,1,0,92,0,1
7/6/2023 20:47:05,23.25,451.28,3.25,6,0,1,0,93,0,1
7/6/2023 20:47:06,23.25,452.66,3.25,6,0,1,0,94,0,1
7/6/2023 20:47:07,23.25,453.44,3.26,6,0,1,0,95,0,1
7/6/2023 20:47:07,23.25,453.91,3.26,6,0,1,0,96,0,1
7/6/2023 20:47:16,23.25,463.05,3.26,6,0,1,0,97,0,1
7/6/2023 20:47:17,23.25,463.82,3.25,6,0,1,0,98,0,1
7/6/2023 20:47:21,23.25,467.71,3.25,6,0,1,0,99,0,1
7/6/2023 20:47:22,23.25,469.05,3.25,6,0,1,0,100,0,1
7/6/2023 20:47:25,23.25,471.96,3.26,6,0,1,0,101,0,1
7/6/2023 20:47:27,23.25,473.61,3.25,6,0,1,0,102,0,1
7/6/2023 20:47:32,23.25,479.11,3.26,6,0,1,0,103,0,1
7/6/2023 20:47:33,23.25,479.67,3.26,6,0,1,0,104,0,1
7/6/2023 20:47:41,23.25,487.53,3.26,6,0,1,0,105,0,1
7/6/2023 20:47:43,23.25,489.77,3.26,6,0,1,0,106,0,1
7/6/2023 20:47:45,23.25,491.91,3.26,6,0,1,0,107,0,1
7/6/2023 20:47:46,23.25,492.79,3.26,6,0,1,0,108,0,1
7/6/2023 20:47:52,23.50,498.76,3.26,6,0,1,0,109,0,1
7/6/2023 20:47:53,23.50,500.17,3.26,6,0,1,0,110,0,1
7/6/2023 20:47:57,23.50,503.92,3.26,6,0,1,0,111,0,1
7/6/2023 20:47:59,23.50,505.65,3.26,6,0,1,0,112,0,1
7/6/2023 20:48:01,23.50,507.78,3.26,6,0,1,0,112,0,1
7/6/2023 20:49:30,23.50,524.45,3.26,7,0,1,0,113,0,1
7/6/2023 20:49:39,23.50,533.78,3.26,7,0,1,0,114,0,1
7/6/2023 20:50:25,23.50,579.92,3.26,7,0,1,0,114,0,1
7/6/2023 21:49:54,23.25,629.57,3.25,8,0,1,0,115,0,1
7/6/2023 21:49:55,23.25,630.43,3.26,8,0,1,0,116,0,1
7/6/2023 21:49:58,23.25,633.14,3.25,8,0,1,0,117,0,1
7/6/2023 21:50:03,23.25,638.30,3.26,8,0,1,0,118,0,1
7/6/2023 21:50:04,23.25,638.78,3.26,8,0,1,0,119,0,1
7/6/2023 21:50:06,23.25,641.16,3.25,8,0,1,0,120,0,1
7/6/2023 21:50:07,23.25,641.98,3.26,8,0,1,0,121,0,1
7/6/2023 21:50:09,23.25,643.67,3.25,8,0,1,0,122,0,1
7/6/2023 21:50:10,23.25,644.65,3.25,8,0,1,0,123,0,1
7/6/2023 21:50:15,23.25,650.32,3.25,8,0,1,0,124,0,1
7/6/2023 21:50:18,23.25,653.50,3.26,8,0,1,0,125,0,1
7/6/2023 21:50:19,23.25,654.32,3.26,8,0,1,0,126,0,1
7/6/2023 21:50:20,23.25,654.89,3.25,8,0,1,0,127,0,1
7/6/2023 21:50:21,23.25,656.45,3.25,8,0,1,0,128,0,1
7/6/2023 21:50:28,23.25,662.89,3.26,8,0,1,0,129,0,1
7/6/2023 21:50:29,23.25,664.25,3.26,8,0,1,0,130,0,1
7/6/2023 21:50:34,23.25,668.93,3.26,8,0,1,0,131,0,1
7/6/2023 21:50:35,23.25,670.36,3.26,8,0,1,0,132,0,1
7/6/2023 21:50:39,23.25,673.71,3.25,8,0,1,0,133,0,1
7/6/2023 21:50:41,23.25,676.03,3.25,8,0,1,0,134,0,1
7/6/2023 21:50:46,23.25,681.42,3.25,8,0,1,0,135,0,1
7/6/2023 21:50:47,23.25,681.93,3.26,8,0,1,0,136,0,1
7/6/2023 21:50:50,23.25,684.70,3.25,8,0,1,0,137,0,1
7/6/2023 21:50:50,23.25,685.61,3.25,8,0,1,0,137,0,1
7/6/2023 21:56:14,23.50,695.08,3.26,8,0,2,0,137,0,1
7/6/2023 21:58:19,23.50,696.72,3.26,8,0,3,0,137,0,1
7/6/2023 21:58:29,23.50,704.51,3.25,9,0,3,0,138,0,1
7/6/2023 21:58:31,23.50,707.15,3.26,9,0,3,0,139,0,1
7/6/2023 21:58:33,23.50,708.91,3.25,9,0,3,0,140,0,1
7/6/2023 21:58:34,23.50,709.94,3.26,9,0,3,0,141,0,1
7/6/2023 21:58:37,23.50,713.12,3.26,9,0,3,0,142,0,1
7/6/2023 21:58:39,23.50,715.03,3.26,9,0,3,0,143,0,1
7/6/2023 21:58:40,23.50,715.90,3.25,9,0,3,0,144,0,1
7/6/2023 21:58:52,23.50,728.11,3.25,9,0,3,0,145,0,1
7/6/2023 21:58:53,23.50,728.98,3.26,9,0,3,0,146,0,1
7/6/2023 21:59:06,23.50,741.57,3.26,9,0,3,0,147,0,1
7/6/2023 21:59:07,23.50,742.80,3.26,9,0,3,0,148,0,1
7/6/2023 21:59:22,23.50,757.48,3.26,9,0,3,0,149,0,1
7/6/2023 21:59:23,23.50,759.03,3.26,9,0,3,0,150,0,1
7/6/2023 21:59:25,23.50,761.22,3.25,9,0,3,0,151,0,1
7/6/2023 21:59:26,23.50,762.10,3.27,9,0,3,0,152,0,1
7/6/2023 21:59:26,23.50,762.31,3.27,9,0,3,0,152,0,1
7/6/2023 22:17:24,23.50,795.40,3.25,10,0,3,0,153,0,1
7/6/2023 22:17:25,23.50,795.95,3.25,10,0,3,0,154,0,1
7/6/2023 22:17:50,23.50,821.37,3.26,10,0,3,0,155,0,1
7/6/2023 22:17:56,23.50,827.42,3.26,10,0,3,0,156,0,1
7/6/2023 22:18:08,23.50,839.63,3.26,10,0,3,0,157,0,1
7/6/2023 22:18:12,23.50,843.16,3.27,10,0,3,0,158,0,1
7/6/2023 22:18:12,23.50,843.94,3.27,10,0,3,0,158,0,1
7/6/2023 23:39:11,23.25,922.84,3.25,11,0,3,0,159,0,1
7/6/2023 23:39:12,23.25,923.33,3.25,11,0,3,0,160,0,1
7/6/2023 23:39:31,23.25,942.58,3.26,11,0,3,0,161,0,1
7/6/2023 23:39:32,23.25,943.19,3.25,11,0,3,0,162,0,1
7/6/2023 23:39:33,23.25,944.93,3.26,11,0,3,0,163,0,1
7/6/2023 23:39:35,23.25,946.68,3.25,11,0,3,0,164,0,1
7/6/2023 23:39:43,23.25,954.23,3.26,11,0,3,0,165,0,1
7/6/2023 23:39:44,23.25,955.28,3.26,11,0,3,0,166,0,1
7/6/2023 23:39:50,23.25,961.90,3.26,11,0,3,0,166,0,1
7/6/2023 23:42:12,23.25,981.80,3.25,12,0,3,0,167,0,1
7/6/2023 23:42:15,23.25,985.07,3.26,12,0,3,0,168,0,1
7/6/2023 23:42:22,23.25,991.32,3.25,12,0,3,0,169,0,1
7/6/2023 23:42:22,23.25,992.02,3.25,12,0,3,0,170,0,1
7/6/2023 23:42:25,23.25,994.58,3.25,12,0,3,0,171,0,1
7/6/2023 23:42:26,23.25,995.56,3.26,12,0,3,0,172,0,1
7/6/2023 23:42:28,23.25,997.50,3.25,12,0,3,0,173,0,1
7/6/2023 23:42:29,23.25,998.32,3.26,12,0,3,0,174,0,1
7/6/2023 23:42:31,23.25,1000.38,3.25,12,0,3,0,175,0,1
7/6/2023 23:42:32,23.25,1001.39,3.25,12,0,3,0,176,0,1
7/6/2023 23:42:37,23.25,1007.10,3.26,12,0,3,0,177,0,1
7/6/2023 23:42:40,23.25,1009.22,3.25,12,0,3,0,178,0,1
7/6/2023 23:42:43,23.25,1012.43,3.25,12,0,3,0,179,0,1
7/6/2023 23:42:44,23.25,1013.94,3.26,12,0,3,0,180,0,1
7/6/2023 23:42:52,23.25,1021.67,3.26,12,0,3,0,181,0,1
7/6/2023 23:42:53,23.25,1022.86,3.26,12,0,3,0,182,0,1
7/6/2023 23:43:05,23.25,1034.51,3.26,12,0,3,0,182,0,1
7/7/2023 0:30:20,23.25,1079.78,3.25,13,0,3,0,183,0,1
7/7/2023 0:30:23,23.25,1082.69,3.26,13,0,3,0,184,0,1
7/7/2023 0:30:26,23.25,1086.40,3.25,13,0,3,0,185,0,1
7/7/2023 0:30:27,23.25,1087.41,3.26,13,0,3,0,186,0,1
7/7/2023 0:30:43,23.25,1103.45,3.25,13,0,3,0,187,0,1
7/7/2023 0:31:13,23.25,1133.14,3.25,13,0,3,0,187,0,1
7/7/2023 0:36:18,23.50,1149.52,3.26,14,0,3,0,188,0,1
7/7/2023 0:36:25,23.50,1156.56,3.25,14,0,3,0,189,0,1
7/7/2023 0:36:25,23.50,1157.19,3.25,14,0,3,0,190,0,1
7/7/2023 0:36:28,23.50,1160.14,3.25,14,0,3,0,191,0,1
7/7/2023 0:36:30,23.50,1161.48,3.25,14,0,3,0,192,0,1
7/7/2023 0:36:30,23.50,1162.07,3.25,14,0,3,0,193,0,1
7/7/2023 0:37:15,23.50,1207.37,3.25,14,0,3,0,193,0,1
7/7/2023 0:44:44,23.50,1236.32,3.26,15,0,3,0,194,0,1
7/7/2023 0:44:46,23.50,1238.42,3.26,15,0,3,0,195,0,1
7/7/2023 0:45:09,23.50,1262.05,3.26,15,0,3,0,196,0,1
7/7/2023 0:45:10,23.50,1263.02,3.25,15,0,3,0,197,0,1
7/7/2023 0:45:15,23.50,1267.73,3.26,15,0,3,0,198,0,1
7/7/2023 0:45:16,23.50,1268.40,3.26,15,0,3,0,199,0,1
7/7/2023 0:45:17,23.50,1269.75,3.26,15,0,3,0,200,0,1
7/7/2023 0:45:20,23.50,1273.20,3.26,15,0,3,0,201,0,1
7/7/2023 0:45:21,23.50,1274.28,3.26,15,0,3,0,202,0,1
7/7/2023 0:45:24,23.50,1276.56,3.26,15,0,3,0,203,0,1
7/7/2023 0:45:27,23.50,1279.52,3.26,15,0,3,0,204,0,1
7/7/2023 0:45:28,23.50,1280.57,3.26,15,0,3,0,205,0,1
7/7/2023 0:45:30,23.50,1282.87,3.26,15,0,3,0,205,0,1
7/7/2023 1:12:32,23.50,1316.10,3.26,16,0,3,0,206,0,1
7/7/2023 1:12:32,23.50,1316.71,3.25,16,0,3,0,207,0,1
7/7/2023 1:12:34,23.50,1318.18,3.25,16,0,3,0,208,0,1
7/7/2023 1:12:34,23.50,1318.75,3.25,16,0,3,0,209,0,1
7/7/2023 1:12:39,23.50,1322.83,3.26,16,0,3,0,210,0,1
7/7/2023 1:12:39,23.50,1323.64,3.26,16,0,3,0,211,0,1
7/7/2023 1:12:41,23.50,1325.05,3.26,16,0,3,0,212,0,1
7/7/2023 1:12:42,23.50,1325.85,3.26,16,0,3,0,213,0,1
7/7/2023 1:12:45,23.50,1329.18,3.25,16,0,3,0,214,0,1
7/7/2023 1:12:53,23.50,1337.19,3.26,16,0,3,0,215,0,1
7/7/2023 1:12:57,23.50,1341.65,3.26,16,0,3,0,216,0,1
7/7/2023 1:12:58,23.50,1342.19,3.26,16,0,3,0,217,0,1
7/7/2023 1:13:04,23.50,1348.10,3.26,16,0,3,0,218,0,1
7/7/2023 1:13:08,23.50,1352.24,3.26,16,0,3,0,219,0,1
7/7/2023 1:13:10,23.50,1354.03,3.26,16,0,3,0,220,0,1
7/7/2023 1:13:11,23.50,1355.28,3.26,16,0,3,0,221,0,1
7/7/2023 1:13:26,23.50,1369.82,3.26,16,0,3,0,221,0,1
7/7/2023 2:46:20,23.25,1438.23,3.25,17,0,3,0,222,0,1
7/7/2023 2:46:23,23.25,1441.05,3.26,17,0,3,0,223,0,1
7/7/2023 2:46:24,23.25,1442.11,3.25,17,0,3,0,224,0,1
7/7/2023 2:46:25,23.25,1443.06,3.25,17,0,3,0,225,0,1
7/7/2023 2:46:26,23.25,1444.31,3.26,17,0,3,0,226,0,1
7/7/2023 2:46:26,23.25,1444.76,3.27,17,0,3,0,227,0,1
7/7/2023 2:46:27,23.25,1445.30,3.26,17,0,3,0,228,0,1
7/7/2023 2:46:28,23.25,1446.35,3.26,17,0,3,0,229,0,1
7/7/2023 2:46:29,23.25,1447.25,3.26,17,0,3,0,230,0,1
7/7/2023 2:46:30,23.25,1448.06,3.26,17,0,3,0,231,0,1
7/7/2023 2:46:31,23.25,1449.68,3.26,17,0,3,0,232,0,1
7/7/2023 2:46:32,23.25,1450.12,3.26,17,0,3,0,233,0,1
7/7/2023 2:46:32,23.25,1450.66,3.26,17,0,3,0,234,0,1
7/7/2023 2:46:36,23.25,1454.08,3.26,17,0,3,0,235,0,1
7/7/2023 2:46:37,23.25,1454.84,3.25,17,0,3,0,236,0,1
7/7/2023 2:46:37,23.25,1455.78,3.26,17,0,3,0,237,0,1
7/7/2023 2:46:38,23.25,1456.33,3.26,17,0,3,0,238,0,1
7/7/2023 2:46:40,23.25,1458.47,3.25,17,0,3,0,239,0,1
7/7/2023 2:46:41,23.25,1459.03,3.26,17,0,3,0,240,0,1
7/7/2023 2:46:42,23.25,1460.26,3.26,17,0,3,0,241,0,1
7/7/2023 2:46:54,23.25,1471.97,3.25,17,0,3,0,242,0,1
7/7/2023 2:46:55,23.25,1473.16,3.26,17,0,3,0,243,0,1
7/7/2023 2:46:57,23.25,1475.18,3.25,17,0,3,0,244,0,1
7/7/2023 2:46:58,23.25,1476.50,3.25,17,0,3,0,245,0,1
7/7/2023 2:47:00,23.25,1478.78,3.26,17,0,3,0,246,0,1
7/7/2023 2:47:01,23.25,1479.24,3.25,17,0,3,0,247,0,1
7/7/2023 2:47:02,23.25,1480.57,3.26,17,0,3,0,248,0,1
7/7/2023 2:47:08,23.25,1486.66,3.25,17,0,3,0,249,0,1
7/7/2023 2:47:09,23.25,1487.57,3.25,17,0,3,0,250,0,1
7/7/2023 2:47:11,23.25,1489.32,3.25,17,0,3,0,251,0,1
7/7/2023 2:47:12,23.25,1490.20,3.26,17,0,3,0,252,0,1
7/7/2023 2:47:15,23.25,1492.86,3.25,17,0,3,0,253,0,1
7/7/2023 2:47:15,23.25,1493.62,3.26,17,0,3,0,254,0,1
7/7/2023 2:47:16,23.25,1494.44,3.25,17,0,3,0,255,0,1
7/7/2023 2:47:17,23.25,1494.83,3.25,17,0,3,0,255,0,1
7/7/2023 3:20:25,23.25,1520.27,3.27,17,0,4,0,255,0,1
7/7/2023 3:20:25,23.25,1520.75,3.26,17,0,5,0,255,0,1
7/7/2023 3:20:59,23.25,1535.40,3.25,18,0,5,0,256,0,1
7/7/2023 3:21:01,23.25,1537.22,3.26,18,0,5,0,257,0,1
7/7/2023 3:21:02,23.25,1538.14,3.26,18,0,5,0,258,0,1
7/7/2023 3:21:11,23.25,1546.65,3.26,18,0,5,0,259,0,1
7/7/2023 3:21:13,23.25,1549.04,3.26,18,0,5,0,260,0,1
7/7/2023 3:21:17,23.25,1552.85,3.26,18,0,5,0,261,0,1
7/7/2023 3:21:17,23.25,1553.34,3.26,18,0,5,0,262,0,1
7/7/2023 3:21:24,23.25,1560.08,3.25,18,0,5,0,263,0,1
7/7/2023 3:21:27,23.25,1562.52,3.26,18,0,5,0,264,0,1
7/7/2023 3:21:36,23.25,1571.43,3.25,18,0,5,0,265,0,1
7/7/2023 3:21:37,23.25,1573.07,3.25,18,0,5,0,266,0,1
7/7/2023 3:21:45,23.25,1580.76,3.26,18,0,5,0,267,0,1
7/7/2023 3:21:46,23.25,1582.37,3.25,18,0,5,0,268,0,1
7/7/2023 3:21:51,23.25,1586.58,3.25,18,0,5,0,268,0,1
7/7/2023 3:24:07,23.25,1658.60,3.26,19,0,5,0,268,0,1
7/7/2023 5:01:10,23.25,1729.88,3.26,20,0,5,0,269,0,1
7/7/2023 5:01:11,23.25,1730.63,3.27,20,0,5,0,270,0,1
7/7/2023 5:01:16,23.25,1735.94,3.26,20,0,5,0,271,0,1
7/7/2023 5:01:18,23.25,1737.44,3.26,20,0,5,0,272,0,1
7/7/2023 5:01:25,23.25,1744.90,3.26,20,0,5,0,273,0,1
7/7/2023 5:01:26,23.25,1745.83,3.26,20,0,5,0,274,0,1
7/7/2023 5:01:30,23.25,1750.22,3.26,20,0,5,0,275,0,1
7/7/2023 5:01:31,23.25,1751.03,3.26,20,0,5,0,276,0,1
7/7/2023 5:01:33,23.25,1752.86,3.25,20,0,5,0,277,0,1
7/7/2023 5:01:37,23.25,1756.85,3.26,20,0,5,0,278,0,1
7/7/2023 5:01:43,23.25,1762.61,3.25,20,0,5,0,279,0,1
7/7/2023 5:01:44,23.25,1764.00,3.26,20,0,5,0,280,0,1
7/7/2023 5:01:48,23.25,1767.60,3.25,20,0,5,0,281,0,1
7/7/2023 5:01:48,23.25,1768.11,3.26,20,0,5,0,282,0,1
7/7/2023 5:02:02,23.25,1782.06,3.25,20,0,5,0,283,0,1
7/7/2023 5:02:03,23.25,1782.81,3.26,20,0,5,0,284,0,1
7/7/2023 5:02:06,23.25,1786.05,3.26,20,0,5,0,284,0,1
7/7/2023 5:12:57,23.25,1852.15,3.26,21,0,5,0,285,0,1
7/7/2023 5:13:09,23.25,1863.16,3.26,21,0,5,0,285,0,1
7/7/2023 5:17:46,23.25,1879.18,3.25,22,0,5,0,286,0,1
7/7/2023 5:17:47,23.25,1880.29,3.26,22,0,5,0,287,0,1
7/7/2023 5:17:48,23.25,1881.06,3.26,22,0,5,0,288,0,1
7/7/2023 5:18:44,23.50,1937.16,3.26,22,0,5,0,288,0,1
7/7/2023 5:18:55,23.50,1943.50,3.27,22,0,6,0,288,0,1
7/7/2023 6:18:58,23.00,1988.38,3.25,23,0,6,0,289,0,1
7/7/2023 6:18:58,23.00,1988.87,3.26,23,0,6,0,290,0,1
7/7/2023 6:18:59,23.00,1989.35,3.25,23,0,6,0,291,0,1
7/7/2023 6:19:00,23.00,1990.13,3.26,23,0,6,0,292,0,1
7/7/2023 6:19:03,23.00,1993.01,3.26,23,0,6,0,293,0,1
7/7/2023 6:19:05,23.00,1994.89,3.26,23,0,6,0,294,0,1
7/7/2023 6:19:08,23.00,1998.55,3.25,23,0,6,0,295,0,1
7/7/2023 6:19:09,23.00,1999.23,3.25,23,0,6,0,296,0,1
7/7/2023 6:19:17,23.00,2007.53,3.25,23,0,6,0,297,0,1
7/7/2023 6:19:18,23.00,2008.03,3.25,23,0,6,0,298,0,1
7/7/2023 6:19:22,23.00,2012.44,3.26,23,0,6,0,299,0,1
7/7/2023 6:19:23,23.00,2013.18,3.25,23,0,6,0,300,0,1
7/7/2023 6:19:26,23.00,2016.04,3.26,23,0,6,0,301,0,1
7/7/2023 6:19:26,23.00,2016.70,3.26,23,0,6,0,302,0,1
7/7/2023 6:19:28,23.00,2018.42,3.25,23,0,6,0,303,0,1
7/7/2023 6:19:36,23.25,2026.77,3.26,23,0,6,0,304,0,1
7/7/2023 6:19:40,23.25,2029.93,3.26,23,0,6,0,305,0,1
7/7/2023 6:19:41,23.25,2031.34,3.26,23,0,6,0,306,0,1
7/7/2023 6:19:44,23.25,2034.19,3.25,23,0,6,0,307,0,1
7/7/2023 6:19:44,23.25,2034.88,3.26,23,0,6,0,308,0,1
7/7/2023 6:19:51,23.25,2041.21,3.25,23,0,6,0,309,0,1
7/7/2023 6:19:52,23.25,2042.40,3.25,23,0,6,0,310,0,1
7/7/2023 6:19:53,23.25,2043.69,3.25,23,0,6,0,310,0,1
7/7/2023 6:23:20,23.25,2052.00,3.27,23,0,7,0,310,0,1
7/7/2023 6:23:38,23.25,2058.49,3.26,24,0,7,0,311,0,1
7/7/2023 6:23:42,23.25,2062.09,3.26,24,0,7,0,312,0,1
7/7/2023 6:23:43,23.25,2063.41,3.25,24,0,7,0,313,0,1
7/7/2023 6:23:47,23.25,2066.90,3.25,24,0,7,0,314,0,1
7/7/2023 6:23:47,23.25,2067.33,3.26,24,0,7,0,315,0,1
7/7/2023 6:23:52,23.25,2072.48,3.25,24,0,7,0,316,0,1
7/7/2023 6:23:54,23.25,2074.23,3.26,24,0,7,0,317,0,1
7/7/2023 6:23:56,23.25,2075.98,3.25,24,0,7,0,318,0,1
7/7/2023 6:23:57,23.25,2076.97,3.26,24,0,7,0,319,0,1
7/7/2023 6:24:03,23.25,2083.18,3.27,24,0,7,0,320,0,1
7/7/2023 6:24:09,23.25,2089.66,3.25,24,0,7,0,321,0,1
7/7/2023 6:24:19,23.25,2099.27,3.25,24,0,7,0,322,0,1
7/7/2023 6:24:20,23.25,2099.90,3.26,24,0,7,0,323,0,1
7/7/2023 6:24:21,23.25,2100.75,3.25,24,0,7,0,324,0,1
7/7/2023 6:24:22,23.25,2102.35,3.26,24,0,7,0,325,0,1
7/7/2023 6:24:27,23.25,2106.93,3.26,24,0,7,0,326,0,1
7/7/2023 6:24:27,23.25,2107.37,3.25,24,0,7,0,327,0,1
7/7/2023 6:24:29,23.25,2108.79,3.26,24,0,7,0,328,0,1
7/7/2023 6:24:29,23.25,2109.50,3.26,24,0,7,0,329,0,1
7/7/2023 6:24:30,23.25,2110.68,3.25,24,0,7,0,330,0,1
7/7/2023 6:24:33,23.25,2113.06,3.26,24,0,7,0,331,0,1
7/7/2023 6:24:34,23.25,2114.66,3.25,24,0,7,0,332,0,1
7/7/2023 6:24:37,23.25,2116.72,3.26,24,0,7,0,333,0,1
7/7/2023 6:24:37,23.25,2117.60,3.26,24,0,7,0,334,0,1
7/7/2023 6:24:38,23.25,2117.71,3.26,24,0,7,0,334,0,1
7/7/2023 6:52:32,23.25,2151.58,3.25,25,0,7,0,335,0,1
7/7/2023 6:52:32,23.25,2152.03,3.25,25,0,7,0,336,0,1
7/7/2023 6:52:38,23.25,2157.50,3.26,25,0,7,0,337,0,1
7/7/2023 6:52:40,23.25,2159.65,3.26,25,0,7,0,338,0,1
7/7/2023 6:52:41,23.25,2160.48,3.26,25,0,7,0,339,0,1
7/7/2023 6:52:44,23.25,2163.26,3.26,25,0,7,0,340,0,1
7/7/2023 6:52:45,23.25,2164.86,3.26,25,0,7,0,341,0,1
7/7/2023 6:52:47,23.25,2166.50,3.26,25,0,7,0,342,0,1
7/7/2023 6:52:48,23.25,2167.35,3.26,25,0,7,0,343,0,1
7/7/2023 6:52:50,23.25,2169.58,3.26,25,0,7,0,344,0,1
7/7/2023 6:52:51,23.25,2170.59,3.26,25,0,7,0,345,0,1
7/7/2023 6:52:53,23.25,2172.32,3.25,25,0,7,0,346,0,1
7/7/2023 6:52:53,23.25,2172.75,3.25,25,0,7,0,347,0,1
7/7/2023 6:52:54,23.25,2173.69,3.25,25,0,7,0,348,0,1
7/7/2023 6:52:56,23.25,2175.18,3.27,25,0,7,0,349,0,1
7/7/2023 6:52:57,23.25,2176.65,3.26,25,0,7,0,350,0,1
7/7/2023 6:53:00,23.25,2179.54,3.27,25,0,7,0,351,0,1
7/7/2023 6:53:02,23.25,2181.25,3.26,25,0,7,0,352,0,1
7/7/2023 6:53:04,23.25,2183.26,3.26,25,0,7,0,353,0,1
7/7/2023 6:53:05,23.25,2184.77,3.26,25,0,7,0,354,0,1
7/7/2023 6:53:09,23.25,2188.80,3.25,25,0,7,0,355,0,1
7/7/2023 6:53:10,23.25,2189.95,3.25,25,0,7,0,356,0,1
7/7/2023 6:53:13,23.25,2192.82,3.26,25,0,7,0,357,0,1
7/7/2023 6:53:14,23.25,2193.77,3.26,25,0,7,0,358,0,1
7/7/2023 6:53:21,23.25,2200.34,3.25,25,0,7,0,359,0,1
7/7/2023 6:53:22,23.25,2201.44,3.26,25,0,7,0,360,0,1
7/7/2023 6:53:26,23.25,2205.12,3.26,25,0,7,0,360,0,1
7/7/2023 11:40:51,23.25,2384.11,3.25,26,0,7,0,361,0,1
7/7/2023 11:40:52,23.25,2385.92,3.26,26,0,7,0,362,0,1
7/7/2023 11:40:54,23.25,2387.79,3.25,26,0,7,0,363,0,1
7/7/2023 11:40:58,23.25,2391.64,3.24,26,0,7,0,364,0,1
7/7/2023 11:41:01,23.25,2394.82,3.26,26,0,7,0,365,0,1
7/7/2023 11:41:03,23.25,2396.29,3.26,26,0,7,0,366,0,1
7/7/2023 11:41:05,23.25,2398.48,3.26,26,0,7,0,367,0,1
7/7/2023 11:41:08,23.25,2401.02,3.26,26,0,7,0,368,0,1
7/7/2023 11:41:09,23.25,2402.35,3.25,26,0,7,0,369,0,1
7/7/2023 11:41:10,23.25,2403.82,3.26,26,0,7,0,370,0,1
7/7/2023 11:41:15,23.25,2408.54,3.26,26,0,7,0,371,0,1
7/7/2023 11:41:24,23.25,2416.99,3.25,26,0,7,0,372,0,1
7/7/2023 11:41:26,23.25,2419.22,3.25,26,0,7,0,373,0,1
7/7/2023 11:41:28,23.25,2421.03,3.26,26,0,7,0,374,0,1
7/7/2023 11:41:29,23.25,2422.45,3.25,26,0,7,0,375,0,1
7/7/2023 11:41:30,23.25,2423.92,3.25,26,0,7,0,376,0,1
7/7/2023 11:41:41,23.25,2434.75,3.26,26,0,7,0,377,0,1
7/7/2023 11:41:45,23.25,2438.66,3.26,26,0,7,0,378,0,1
7/7/2023 11:41:48,23.25,2441.43,3.26,26,0,7,0,379,0,1
7/7/2023 11:41:49,23.25,2442.40,3.26,26,0,7,0,380,0,1
7/7/2023 11:41:49,23.25,2442.72,3.26,26,0,7,0,380,0,1
7/7/2023 11:48:27,23.25,2461.87,3.25,27,0,7,0,381,0,1
7/7/2023 11:48:28,23.25,2462.44,3.25,27,0,7,0,382,0,1
7/7/2023 11:48:28,23.25,2463.04,3.26,27,0,7,0,383,0,1
7/7/2023 11:48:31,23.25,2465.61,3.26,27,0,7,0,384,0,1
7/7/2023 11:48:40,23.25,2475.24,3.26,27,0,7,0,385,0,1
7/7/2023 11:48:42,23.25,2476.73,3.25,27,0,7,0,386,0,1
7/7/2023 11:48:45,23.25,2480.18,3.26,27,0,7,0,387,0,1
7/7/2023 11:48:47,23.25,2481.55,3.25,27,0,7,0,388,0,1
7/7/2023 11:48:51,23.25,2485.43,3.25,27,0,7,0,389,0,1
7/7/2023 11:48:52,23.25,2486.63,3.26,27,0,7,0,390,0,1
7/7/2023 11:48:52,23.25,2487.12,3.25,27,0,7,0,391,0,1
7/7/2023 11:48:53,23.25,2488.11,3.26,27,0,7,0,392,0,1
7/7/2023 11:49:00,23.25,2494.67,3.25,27,0,7,0,393,0,1
7/7/2023 11:49:01,23.25,2496.16,3.26,27,0,7,0,394,0,1
7/7/2023 11:49:04,23.25,2498.49,3.26,27,0,7,0,395,0,1
7/7/2023 11:49:06,23.25,2500.81,3.26,27,0,7,0,396,0,1
7/7/2023 11:49:15,23.25,2509.91,3.26,27,0,7,0,397,0,1
7/7/2023 11:49:17,23.25,2511.67,3.26,27,0,7,0,398,0,1
7/7/2023 11:49:18,23.25,2512.29,3.25,27,0,7,0,399,0,1
7/7/2023 11:49:19,23.25,2514.12,3.26,27,0,7,0,400,0,1
7/7/2023 11:49:23,23.25,2517.87,3.26,27,0,7,0,400,0,1
7/7/2023 15:16:34,23.00,2708.48,3.26,28,0,7,0,400,0,1
7/7/2023 15:31:29,23.25,2729.65,3.26,29,0,7,0,401,0,1
7/7/2023 15:31:29,23.25,2730.37,3.26,29,0,7,0,402,0,1
7/7/2023 15:31:30,23.25,2731.09,3.25,29,0,7,0,403,0,1
7/7/2023 15:32:28,23.25,2788.49,3.25,29,0,7,0,403,0,1
7/7/2023 15:59:23,23.25,2820.09,3.25,30,0,7,0,404,0,1
7/7/2023 15:59:25,23.25,2822.42,3.26,30,0,7,0,405,0,1
7/7/2023 15:59:27,23.25,2823.66,3.26,30,0,7,0,406,0,1
7/7/2023 15:59:28,23.25,2824.61,3.26,30,0,7,0,407,0,1
7/7/2023 16:00:18,23.25,2875.33,3.26,30,0,7,0,407,0,1
7/7/2023 19:35:12,23.50,3005.93,3.27,30,0,8,0,407,0,1
7/7/2023 19:35:30,23.50,3016.80,3.25,31,0,8,0,408,0,1
7/7/2023 19:35:32,23.50,3017.97,3.25,31,0,8,0,409,0,1
7/7/2023 19:35:34,23.50,3020.52,3.25,31,0,8,0,410,0,1
7/7/2023 19:35:37,23.50,3023.36,3.25,31,0,8,0,411,0,1
7/7/2023 19:35:44,23.50,3030.16,3.25,31,0,8,0,412,0,1
7/7/2023 19:35:44,23.50,3030.59,3.26,31,0,8,0,413,0,1
7/7/2023 19:35:45,23.50,3031.70,3.26,31,0,8,0,414,0,1
7/7/2023 19:35:49,23.50,3035.21,3.26,31,0,8,0,415,0,1
7/7/2023 19:35:56,23.50,3042.11,3.25,31,0,8,0,416,0,1
7/7/2023 19:35:58,23.50,3044.84,3.26,31,0,8,0,417,0,1
7/7/2023 19:35:59,23.50,3045.40,3.26,31,0,8,0,418,0,1
7/7/2023 19:36:01,23.50,3047.24,3.26,31,0,8,0,419,0,1
7/7/2023 19:36:03,23.50,3049.33,3.26,31,0,8,0,420,0,1
7/7/2023 19:36:05,23.50,3051.55,3.26,31,0,8,0,421,0,1
7/7/2023 19:36:07,23.50,3053.56,3.26,31,0,8,0,422,0,1
7/7/2023 19:36:12,23.50,3058.33,3.26,31,0,8,0,423,0,1
7/7/2023 19:36:25,23.50,3071.64,3.26,31,0,8,0,423,0,1
7/7/2023 20:09:42,23.50,3103.37,3.26,32,0,8,0,424,0,1
7/7/2023 20:09:42,23.50,3103.89,3.26,32,0,8,0,425,0,1
7/7/2023 20:09:44,23.50,3105.32,3.26,32,0,8,0,426,0,1
7/7/2023 20:09:45,23.50,3106.54,3.26,32,0,8,0,427,0,1
7/7/2023 20:09:46,23.50,3107.92,3.26,32,0,8,0,428,0,1
7/7/2023 20:09:51,23.50,3112.83,3.25,32,0,8,0,429,0,1
7/7/2023 20:09:56,23.50,3117.64,3.25,32,0,8,0,430,0,1
7/7/2023 20:09:57,23.50,3118.70,3.25,32,0,8,0,431,0,1
7/7/2023 20:10:00,23.50,3121.81,3.25,32,0,8,0,432,0,1
7/7/2023 20:10:01,23.50,3122.69,3.25,32,0,8,0,433,0,1
7/7/2023 20:10:02,23.50,3123.26,3.26,32,0,8,0,434,0,1
7/7/2023 20:10:02,23.50,3123.96,3.25,32,0,8,0,435,0,1
7/7/2023 20:10:08,23.50,3129.84,3.25,32,0,8,0,436,0,1
7/7/2023 20:10:10,23.50,3131.46,3.26,32,0,8,0,437,0,1
7/7/2023 20:10:12,23.50,3133.69,3.26,32,0,8,0,438,0,1
7/7/2023 20:10:15,23.50,3136.54,3.26,32,0,8,0,439,0,1
7/7/2023 20:10:15,23.50,3137.01,3.25,32,0,8,0,440,0,1
7/7/2023 20:10:17,23.50,3138.40,3.25,32,0,8,0,441,0,1
7/7/2023 20:10:18,23.50,3139.93,3.26,32,0,8,0,442,0,1
7/7/2023 20:10:24,23.50,3145.22,3.26,32,0,8,0,443,0,1
7/7/2023 20:10:25,23.50,3146.72,3.26,32,0,8,0,444,0,1
7/7/2023 20:10:32,23.50,3153.81,3.26,32,0,8,0,445,0,1
7/7/2023 20:10:33,23.50,3154.95,3.26,32,0,8,0,446,0,1
7/7/2023 20:10:34,23.50,3155.75,3.26,32,0,8,0,447,0,1
7/7/2023 20:10:35,23.50,3156.86,3.26,32,0,8,0,448,0,1
7/7/2023 20:10:41,23.50,3162.18,3.26,32,0,8,0,448,0,1
7/7/2023 20:21:27,23.50,3180.12,3.26,33,0,8,0,449,0,1
7/7/2023 20:21:28,23.50,3180.75,3.26,33,0,8,0,450,0,1
7/7/2023 20:21:30,23.50,3183.40,3.25,33,0,8,0,451,0,1
7/7/2023 20:21:32,23.50,3185.24,3.26,33,0,8,0,452,0,1
7/7/2023 20:21:34,23.50,3187.03,3.25,33,0,8,0,453,0,1
7/7/2023 20:21:36,23.50,3188.69,3.26,33,0,8,0,454,0,1
7/7/2023 20:21:36,23.50,3189.31,3.25,33,0,8,0,455,0,1
7/7/2023 20:21:42,23.50,3194.65,3.25,33,0,8,0,456,0,1
7/7/2023 20:21:54,23.50,3206.93,3.25,33,0,8,0,457,0,1
7/7/2023 20:21:56,23.50,3208.63,3.26,33,0,8,0,458,0,1
7/7/2023 20:21:59,23.50,3211.80,3.26,33,0,8,0,459,0,1
7/7/2023 20:22:01,23.50,3213.55,3.26,33,0,8,0,460,0,1
7/7/2023 20:22:04,23.50,3217.24,3.26,33,0,8,0,461,0,1
7/7/2023 20:22:06,23.50,3218.96,3.26,33,0,8,0,462,0,1
7/7/2023 20:22:11,23.50,3224.10,3.26,33,0,8,0,463,0,1
7/7/2023 20:22:12,23.50,3225.36,3.26,33,0,8,0,464,0,1
7/7/2023 20:22:13,23.50,3226.35,3.26,33,0,8,0,465,0,1
7/7/2023 20:22:15,23.50,3228.30,3.25,33,0,8,0,466,0,1
7/7/2023 20:22:18,23.50,3231.13,3.26,33,0,8,0,467,0,1
7/7/2023 20:22:27,23.50,3239.76,3.26,33,0,8,0,467,0,1
7/7/2023 21:28:51,23.25,3292.06,3.27,34,0,8,0,468,0,1
7/7/2023 21:28:51,23.25,3292.73,3.26,34,0,8,0,469,0,1
7/7/2023 21:28:52,23.25,3293.73,3.26,34,0,8,0,470,0,1
7/7/2023 21:28:53,23.25,3294.65,3.26,34,0,8,0,471,0,1
7/7/2023 21:28:54,23.25,3295.46,3.25,34,0,8,0,472,0,1
7/7/2023 21:29:00,23.25,3301.14,3.25,34,0,8,0,473,0,1
7/7/2023 21:29:01,23.25,3302.62,3.26,34,0,8,0,474,0,1
7/7/2023 21:29:02,23.25,3303.37,3.26,34,0,8,0,475,0,1
7/7/2023 21:29:03,23.25,3304.31,3.26,34,0,8,0,476,0,1
7/7/2023 21:29:09,23.25,3309.98,3.26,34,0,8,0,477,0,1
7/7/2023 21:29:09,23.25,3310.87,3.26,34,0,8,0,478,0,1
7/7/2023 21:29:13,23.25,3313.90,3.25,34,0,8,0,479,0,1
7/7/2023 21:29:14,23.25,3315.16,3.26,34,0,8,0,480,0,1
7/7/2023 21:29:22,23.25,3323.23,3.26,34,0,8,0,481,0,1
7/7/2023 21:29:23,23.25,3323.96,3.26,34,0,8,0,482,0,1
7/7/2023 21:29:24,23.25,3325.27,3.25,34,0,8,0,483,0,1
7/7/2023 21:29:25,23.25,3326.51,3.25,34,0,8,0,484,0,1
7/7/2023 21:29:30,23.25,3331.37,3.26,34,0,8,0,485,0,1
7/7/2023 21:29:32,23.25,3332.92,3.25,34,0,8,0,486,0,1
7/7/2023 21:29:32,23.25,3333.61,3.26,34,0,8,0,487,0,1
7/7/2023 21:29:34,23.25,3335.82,3.26,34,0,8,0,488,0,1
7/7/2023 21:29:37,23.25,3337.92,3.26,34,0,8,0,489,0,1
7/7/2023 21:29:39,23.25,3340.50,3.26,34,0,8,0,490,0,1
7/7/2023 21:29:48,23.25,3349.50,3.26,34,0,8,0,490,0,1
7/7/2023 21:35:40,23.50,3371.71,3.26,35,0,8,0,491,0,1
7/7/2023 21:35:41,23.50,3372.53,3.26,35,0,8,0,492,0,1
7/7/2023 21:35:43,23.50,3374.58,3.26,35,0,8,0,493,0,1
7/7/2023 21:35:44,23.50,3375.65,3.25,35,0,8,0,494,0,1
7/7/2023 21:35:47,23.50,3378.24,3.25,35,0,8,0,495,0,1
7/7/2023 21:35:50,23.50,3381.11,3.25,35,0,8,0,496,0,1
7/7/2023 21:35:52,23.50,3383.35,3.26,35,0,8,0,497,0,1
7/7/2023 21:35:59,23.50,3390.84,3.25,35,0,8,0,498,0,1
7/7/2023 21:36:00,23.50,3391.60,3.25,35,0,8,0,499,0,1
7/7/2023 21:36:01,23.50,3392.48,3.26,35,0,8,0,500,0,1
7/7/2023 21:36:02,23.50,3393.65,3.26,35,0,8,0,501,0,1
7/7/2023 21:36:04,23.50,3396.01,3.26,35,0,8,0,502,0,1
7/7/2023 21:36:06,23.50,3397.34,3.26,35,0,8,0,503,0,1
7/7/2023 21:36:06,23.50,3397.84,3.26,35,0,8,0,504,0,1
7/7/2023 21:36:10,23.50,3401.86,3.25,35,0,8,0,505,0,1
7/7/2023 21:36:13,23.50,3404.09,3.26,35,0,8,0,506,0,1
7/7/2023 21:36:17,23.50,3408.59,3.26,35,0,8,0,507,0,1
7/7/2023 21:36:18,23.50,3409.61,3.25,35,0,8,0,508,0,1
7/7/2023 21:36:19,23.50,3410.53,3.25,35,0,8,0,509,0,1
7/7/2023 21:36:24,23.50,3415.63,3.26,35,0,8,0,510,0,1
7/7/2023 21:36:25,23.50,3416.49,3.26,35,0,8,0,511,0,1
7/7/2023 21:36:30,23.50,3421.92,3.26,35,0,8,0,512,0,1
7/7/2023 21:36:32,23.50,3423.77,3.25,35,0,8,0,513,0,1
7/7/2023 21:36:33,23.50,3424.19,3.25,35,0,8,0,513,0,1
7/7/2023 21:46:25,23.50,3443.52,3.25,36,0,8,0,514,0,1
7/7/2023 21:46:26,23.50,3444.05,3.26,36,0,8,0,515,0,1
7/7/2023 21:46:28,23.50,3446.74,3.26,36,0,8,0,516,0,1
7/7/2023 21:46:29,23.50,3447.42,3.26,36,0,8,0,517,0,1
7/7/2023 21:46:30,23.50,3448.16,3.25,36,0,8,0,518,0,1
7/7/2023 21:46:30,23.50,3448.62,3.25,36,0,8,0,519,0,1
7/7/2023 21:46:31,23.50,3449.64,3.25,36,0,8,0,520,0,1
7/7/2023 21:46:32,23.50,3450.07,3.26,36,0,8,0,521,0,1
7/7/2023 21:46:37,23.50,3455.68,3.25,36,0,8,0,522,0,1
7/7/2023 21:46:40,23.50,3458.94,3.26,36,0,8,0,523,0,1
7/7/2023 21:46:41,23.50,3459.53,3.25,36,0,8,0,524,0,1
7/7/2023 21:46:42,23.50,3460.31,3.26,36,0,8,0,525,0,1
7/7/2023 21:46:43,23.50,3461.80,3.25,36,0,8,0,526,0,1
7/7/2023 21:46:48,23.50,3466.58,3.25,36,0,8,0,527,0,1
7/7/2023 21:46:51,23.50,3469.07,3.26,36,0,8,0,528,0,1
7/7/2023 21:46:57,23.50,3475.51,3.26,36,0,8,0,529,0,1
7/7/2023 21:47:04,23.50,3482.06,3.25,36,0,8,0,530,0,1
7/7/2023 21:47:10,23.50,3488.01,3.25,36,0,8,0,531,0,1
7/7/2023 21:47:11,23.50,3489.92,3.26,36,0,8,0,532,0,1
7/7/2023 21:47:17,23.50,3495.62,3.26,36,0,8,0,533,0,1
7/7/2023 21:47:18,23.50,3496.92,3.26,36,0,8,0,534,0,1
7/7/2023 21:47:23,23.50,3501.19,3.26,36,0,8,0,534,0,1
7/7/2023 23:59:54,23.25,3590.11,3.26,37,0,8,0,535,0,1
7/7/2023 23:59:59,23.25,3595.22,3.27,37,0,8,0,536,0,1
7/8/2023 0:00:01,23.25,3596.48,3.25,37,0,8,0,537,0,1
7/8/2023 0:00:05,23.25,3601.16,3.26,37,0,8,0,538,0,1
7/8/2023 0:00:06,23.25,3602.20,3.26,37,0,8,0,539,0,1
7/8/2023 0:00:08,23.25,3604.05,3.25,37,0,8,0,540,0,1
7/8/2023 0:00:09,23.25,3604.97,3.26,37,0,8,0,541,0,1
7/8/2023 0:00:10,23.25,3605.43,3.26,37,0,8,0,542,0,1
7/8/2023 0:00:12,23.25,3607.44,3.26,37,0,8,0,543,0,1
7/8/2023 0:00:31,23.25,3626.44,3.26,37,0,8,0,544,0,1
7/8/2023 0:00:31,23.25,3626.94,3.26,37,0,8,0,545,0,1
7/8/2023 0:00:53,23.25,3649.24,3.26,37,0,8,0,545,0,1
7/8/2023 0:03:11,23.25,3663.68,3.25,38,0,8,0,546,0,1
7/8/2023 0:03:12,23.25,3664.53,3.26,38,0,8,0,547,0,1
7/8/2023 0:03:14,23.25,3666.78,3.26,38,0,8,0,548,0,1
7/8/2023 0:03:15,23.25,3667.30,3.26,38,0,8,0,549,0,1
7/8/2023 0:03:23,23.25,3674.99,3.26,38,0,8,0,550,0,1
7/8/2023 0:03:27,23.25,3679.00,3.26,38,0,8,0,551,0,1
7/8/2023 0:03:52,23.25,3704.30,3.26,38,0,8,0,552,0,1
7/8/2023 0:03:53,23.25,3704.81,3.25,38,0,8,0,553,0,1
7/8/2023 0:04:10,23.25,3721.84,3.25,38,0,8,0,553,0,1
7/8/2023 1:38:58,23.00,3791.98,3.25,39,0,8,0,554,0,1
7/8/2023 1:38:59,23.00,3793.00,3.26,39,0,8,0,555,0,1
7/8/2023 1:38:59,23.00,3793.47,3.25,39,0,8,0,556,0,1
7/8/2023 1:39:00,23.00,3793.97,3.27,39,0,8,0,557,0,1
7/8/2023 1:39:00,23.00,3794.67,3.26,39,0,8,0,558,0,1
7/8/2023 1:39:01,23.00,3795.35,3.26,39,0,8,0,559,0,1
7/8/2023 1:39:01,23.00,3795.79,3.25,39,0,8,0,560,0,1
7/8/2023 1:39:12,23.00,3806.54,3.26,39,0,8,0,561,0,1
7/8/2023 1:39:17,23.00,3811.75,3.25,39,0,8,0,562,0,1
7/8/2023 1:39:18,23.00,3812.21,3.25,39,0,8,0,563,0,1
7/8/2023 1:39:19,23.00,3813.79,3.25,39,0,8,0,564,0,1
7/8/2023 1:39:25,23.00,3819.61,3.26,39,0,8,0,565,0,1
7/8/2023 1:39:27,23.00,3821.39,3.26,39,0,8,0,566,0,1
7/8/2023 1:39:29,23.00,3823.49,3.26,39,0,8,0,567,0,1
7/8/2023 1:39:30,23.00,3823.99,3.25,39,0,8,0,568,0,1
7/8/2023 1:39:35,23.00,3829.72,3.27,39,0,8,0,569,0,1
7/8/2023 1:39:38,23.00,3832.86,3.26,39,0,8,0,570,0,1
7/8/2023 1:39:40,23.00,3834.45,3.26,39,0,8,0,571,0,1
7/8/2023 1:39:49,23.00,3842.96,3.25,39,0,8,0,572,0,1
7/8/2023 1:39:53,23.00,3847.15,3.26,39,0,8,0,573,0,1
7/8/2023 1:39:53,23.00,3847.89,3.25,39,0,8,0,574,0,1
7/8/2023 1:39:54,23.00,3848.02,3.25,39,0,8,0,574,0,1
7/8/2023 1:43:47,23.25,3856.56,3.26,39,0,9,0,574,0,1
7/8/2023 1:59:41,23.25,3901.31,3.25,40,0,9,0,575,0,1
7/8/2023 1:59:43,23.25,3902.71,3.25,40,0,9,0,576,0,1
7/8/2023 1:59:46,23.25,3906.16,3.26,40,0,9,0,577,0,1
7/8/2023 1:59:48,23.25,3908.27,3.26,40,0,9,0,578,0,1
7/8/2023 1:59:56,23.25,3915.70,3.26,40,0,9,0,579,0,1
7/8/2023 1:59:57,23.25,3917.12,3.26,40,0,9,0,580,0,1
7/8/2023 1:59:59,23.25,3918.69,3.25,40,0,9,0,581,0,1
7/8/2023 2:00:04,23.25,3923.71,3.27,40,0,9,0,582,0,1
7/8/2023 2:00:10,23.25,3930.26,3.25,40,0,9,0,583,0,1
7/8/2023 2:00:11,23.25,3931.06,3.25,40,0,9,0,583,0,1
7/8/2023 2:06:07,23.50,3949.03,3.26,41,0,9,0,584,0,1
7/8/2023 2:06:09,23.50,3950.84,3.26,41,0,9,0,585,0,1
7/8/2023 2:06:10,23.50,3951.30,3.25,41,0,9,0,586,0,1
7/8/2023 2:06:11,23.50,3952.53,3.25,41,0,9,0,587,0,1
7/8/2023 2:06:13,23.50,3954.98,3.25,41,0,9,0,588,0,1
7/8/2023 2:06:17,23.50,3958.45,3.26,41,0,9,0,589,0,1
7/8/2023 2:06:21,23.50,3962.95,3.25,41,0,9,0,590,0,1
7/8/2023 2:06:24,23.50,3965.77,3.26,41,0,9,0,591,0,1
7/8/2023 2:06:32,23.50,3973.78,3.25,41,0,9,0,592,0,1
7/8/2023 2:06:33,23.50,3974.36,3.25,41,0,9,0,593,0,1
7/8/2023 2:06:34,23.50,3975.80,3.25,41,0,9,0,594,0,1
7/8/2023 2:06:36,23.50,3977.29,3.26,41,0,9,0,595,0,1
7/8/2023 2:06:38,23.50,3979.19,3.26,41,0,9,0,596,0,1
7/8/2023 2:06:44,23.50,3985.78,3.26,41,0,9,0,597,0,1
7/8/2023 2:06:45,23.50,3986.36,3.26,41,0,9,0,598,0,1
7/8/2023 2:06:46,23.50,3987.80,3.26,41,0,9,0,599,0,1
7/8/2023 2:06:56,23.50,3997.85,3.26,41,0,9,0,600,0,1
7/8/2023 2:07:04,23.50,4005.21,3.26,41,0,9,0,601,0,1
7/8/2023 2:07:04,23.50,4005.86,3.26,41,0,9,0,601,0,1
7/8/2023 3:15:08,23.00,4059.67,3.26,42,0,9,0,602,0,1
7/8/2023 3:15:09,23.00,4060.65,3.25,42,0,9,0,603,0,1
7/8/2023 3:15:10,23.00,4061.70,3.25,42,0,9,0,604,0,1
7/8/2023 3:15:12,23.00,4063.04,3.26,42,0,9,0,605,0,1
7/8/2023 3:15:13,23.00,4064.42,3.26,42,0,9,0,606,0,1
7/8/2023 3:15:14,23.00,4065.01,3.26,42,0,9,0,607,0,1
7/8/2023 3:15:15,23.00,4066.41,3.25,42,0,9,0,608,0,1
7/8/2023 3:15:23,23.00,4074.22,3.25,42,0,9,0,609,0,1
7/8/2023 3:15:24,23.00,4075.87,3.26,42,0,9,0,610,0,1
7/8/2023 3:15:26,23.00,4077.03,3.26,42,0,9,0,611,0,1
7/8/2023 3:15:27,23.00,4077.96,3.26,42,0,9,0,612,0,1
7/8/2023 3:15:27,23.00,4078.45,3.26,42,0,9,0,613,0,1
7/8/2023 3:15:30,23.00,4081.54,3.26,42,0,9,0,614,0,1
7/8/2023 3:15:31,23.00,4082.03,3.26,42,0,9,0,615,0,1
7/8/2023 3:15:32,23.00,4083.31,3.25,42,0,9,0,616,0,1
7/8/2023 3:15:32,23.00,4083.78,3.25,42,0,9,0,617,0,1
7/8/2023 3:15:36,23.00,4087.37,3.26,42,0,9,0,618,0,1
7/8/2023 3:15:37,23.00,4088.34,3.26,42,0,9,0,619,0,1
7/8/2023 3:15:37,23.00,4088.84,3.26,42,0,9,0,620,0,1
7/8/2023 3:15:41,23.00,4092.84,3.25,42,0,9,0,621,0,1
7/8/2023 3:15:42,23.00,4093.54,3.25,42,0,9,0,622,0,1
7/8/2023 3:15:45,23.00,4096.56,3.26,42,0,9,0,623,0,1
7/8/2023 3:15:46,23.00,4097.29,3.26,42,0,9,0,624,0,1
7/8/2023 3:15:46,23.00,4097.73,3.26,42,0,9,0,625,0,1
7/8/2023 3:15:47,23.00,4098.58,3.26,42,0,9,0,626,0,1
7/8/2023 3:15:48,23.00,4099.53,3.25,42,0,9,0,627,0,1
7/8/2023 3:15:49,23.00,4099.97,3.26,42,0,9,0,628,0,1
7/8/2023 3:15:49,23.00,4100.56,3.26,42,0,9,0,629,0,1
7/8/2023 3:15:50,23.00,4101.75,3.25,42,0,9,0,630,0,1
7/8/2023 3:15:51,23.00,4102.26,3.25,42,0,9,0,631,0,1
7/8/2023 3:15:57,23.00,4107.93,3.27,42,0,9,0,632,0,1
7/8/2023 3:15:58,23.00,4109.38,3.26,42,0,9,0,633,0,1
7/8/2023 3:15:59,23.00,4110.42,3.26,42,0,9,0,634,0,1
7/8/2023 3:16:00,23.00,4110.90,3.26,42,0,9,0,635,0,1
7/8/2023 3:16:04,23.25,4114.94,3.25,42,0,9,0,636,0,1
7/8/2023 3:16:05,23.25,4116.20,3.26,42,0,9,0,637,0,1
7/8/2023 3:16:05,23.25,4116.53,3.26,42,0,9,0,637,0,1
7/8/2023 3:16:57,23.25,4123.34,3.26,42,0,10,0,637,0,1
7/8/2023 3:17:09,23.25,4131.52,3.25,43,0,10,0,638,0,1
7/8/2023 3:17:09,23.25,4132.23,3.27,43,0,10,0,639,0,1
7/8/2023 3:17:28,23.25,4151.02,3.25,43,0,10,0,640,0,1
7/8/2023 3:17:30,23.25,4152.42,3.26,43,0,10,0,641,0,1
7/8/2023 3:17:34,23.25,4157.30,3.26,43,0,10,0,642,0,1
7/8/2023 3:17:35,23.25,4158.20,3.25,43,0,10,0,643,0,1
7/8/2023 3:17:36,23.25,4158.69,3.25,43,0,10,0,644,0,1
7/8/2023 3:17:38,23.25,4160.72,3.26,43,0,10,0,645,0,1
7/8/2023 3:17:39,23.25,4161.46,3.26,43,0,10,0,646,0,1
7/8/2023 3:17:39,23.25,4161.94,3.25,43,0,10,0,647,0,1
7/8/2023 3:17:40,23.25,4162.60,3.25,43,0,10,0,648,0,1
7/8/2023 3:17:41,23.25,4163.83,3.25,43,0,10,0,649,0,1
7/8/2023 3:17:43,23.25,4166.25,3.26,43,0,10,0,650,0,1
7/8/2023 3:17:44,23.25,4167.09,3.25,43,0,10,0,651,0,1
7/8/2023 3:17:47,23.25,4169.88,3.25,43,0,10,0,652,0,1
7/8/2023 3:17:52,23.25,4174.66,3.26,43,0,10,0,653,0,1
7/8/2023 3:17:56,23.25,4178.90,3.25,43,0,10,0,654,0,1
7/8/2023 3:17:57,23.25,4179.92,3.25,43,0,10,0,655,0,1
7/8/2023 3:18:00,23.25,4182.59,3.25,43,0,10,0,656,0,1
7/8/2023 3:18:02,23.25,4185.21,3.26,43,0,10,0,657,0,1
7/8/2023 3:18:03,23.25,4186.32,3.26,43,0,10,0,658,0,1
7/8/2023 3:18:04,23.25,4186.84,3.26,43,0,10,0,659,0,1
7/8/2023 3:18:06,23.25,4188.93,3.26,43,0,10,0,659,0,1
7/8/2023 3:34:55,23.25,4269.40,3.26,44,0,10,0,659,0,1
7/8/2023 3:37:35,23.25,4283.33,3.26,45,0,10,0,660,0,1
7/8/2023 3:38:14,23.25,4323.14,3.26,45,0,10,0,661,0,1
7/8/2023 3:38:20,23.25,4328.26,3.26,45,0,10,0,662,0,1
7/8/2023 3:38:20,23.25,4328.71,3.26,45,0,10,0,663,0,1
7/8/2023 3:38:21,23.25,4329.29,3.26,45,0,10,0,664,0,1
7/8/2023 3:38:21,23.25,4329.84,3.26,45,0,10,0,665,0,1
7/8/2023 3:38:22,23.25,4330.41,3.26,45,0,10,0,666,0,1
7/8/2023 3:38:28,23.25,4336.91,3.25,45,0,10,0,667,0,1
7/8/2023 3:38:29,23.25,4337.42,3.26,45,0,10,0,668,0,1
7/8/2023 3:38:31,23.25,4339.51,3.26,45,0,10,0,669,0,1
7/8/2023 3:38:34,23.25,4342.24,3.26,45,0,10,0,669,0,1
7/8/2023 3:40:47,23.25,4414.27,3.26,46,0,10,0,669,0,1
7/8/2023 3:46:05,23.25,4423.61,3.27,46,0,11,0,669,0,1
7/8/2023 3:46:10,23.25,4424.10,3.26,46,0,12,0,669,0,1
7/8/2023 3:57:32,23.25,4431.18,3.26,46,0,13,0,669,0,1
7/8/2023 3:57:45,23.25,4431.78,3.26,46,0,14,0,669,0,1
7/8/2023 3:59:07,23.25,4449.55,3.26,47,0,14,0,670,0,1
7/8/2023 3:59:07,23.25,4450.17,3.26,47,0,14,0,671,0,1
7/8/2023 3:59:10,23.25,4452.51,3.26,47,0,14,0,672,0,1
7/8/2023 3:59:10,23.25,4453.16,3.26,47,0,14,0,673,0,1
7/8/2023 3:59:12,23.25,4454.99,3.26,47,0,14,0,674,0,1
7/8/2023 3:59:13,23.25,4455.62,3.26,47,0,14,0,675,0,1
7/8/2023 3:59:17,23.25,4459.69,3.25,47,0,14,0,676,0,1
7/8/2023 3:59:18,23.25,4460.47,3.25,47,0,14,0,677,0,1
7/8/2023 3:59:18,23.25,4461.02,3.25,47,0,14,0,678,0,1
7/8/2023 3:59:23,23.25,4465.99,3.26,47,0,14,0,679,0,1
7/8/2023 3:59:25,23.25,4467.69,3.25,47,0,14,0,680,0,1
7/8/2023 3:59:26,23.25,4469.09,3.25,47,0,14,0,681,0,1
7/8/2023 3:59:33,23.25,4475.67,3.26,47,0,14,0,682,0,1
7/8/2023 3:59:35,23.25,4478.31,3.26,47,0,14,0,683,0,1
7/8/2023 3:59:46,23.25,4489.02,3.25,47,0,14,0,684,0,1
7/8/2023 3:59:47,23.25,4489.76,3.25,47,0,14,0,685,0,1
7/8/2023 3:59:47,23.25,4490.35,3.26,47,0,14,0,686,0,1
7/8/2023 3:59:51,23.25,4493.68,3.25,47,0,14,0,687,0,1
7/8/2023 3:59:52,23.25,4494.97,3.25,47,0,14,0,688,0,1
7/8/2023 3:59:53,23.25,4496.17,3.25,47,0,14,0,689,0,1
7/8/2023 3:59:55,23.25,4497.93,3.25,47,0,14,0,690,0,1
7/8/2023 3:59:55,23.25,4498.04,3.25,47,0,14,0,690,0,1
7/8/2023 5:42:53,23.00,4578.42,3.26,48,0,14,0,691,0,1
7/8/2023 5:42:55,23.00,4579.79,3.26,48,0,14,0,692,0,1
7/8/2023 5:42:56,23.00,4580.92,3.26,48,0,14,0,693,0,1
7/8/2023 5:42:59,23.00,4584.13,3.26,48,0,14,0,694,0,1
7/8/2023 5:43:02,23.00,4586.83,3.24,48,0,14,0,695,0,1
7/8/2023 5:43:05,23.00,4590.02,3.26,48,0,14,0,696,0,1
7/8/2023 5:43:09,23.00,4594.54,3.25,48,0,14,0,697,0,1
7/8/2023 5:43:15,23.00,4600.03,3.26,48,0,14,0,698,0,1
7/8/2023 5:43:16,23.00,4601.32,3.25,48,0,14,0,699,0,1
7/8/2023 5:43:17,23.00,4602.15,3.25,48,0,14,0,700,0,1
7/8/2023 5:43:25,23.00,4610.44,3.26,48,0,14,0,701,0,1
7/8/2023 5:43:26,23.00,4611.61,3.25,48,0,14,0,702,0,1
7/8/2023 5:43:29,23.00,4614.04,3.26,48,0,14,0,703,0,1
7/8/2023 5:43:29,23.00,4614.51,3.26,48,0,14,0,704,0,1
7/8/2023 5:43:31,23.00,4616.37,3.26,48,0,14,0,705,0,1
7/8/2023 5:43:32,23.00,4617.02,3.25,48,0,14,0,706,0,1
7/8/2023 5:43:32,23.00,4617.77,3.25,48,0,14,0,707,0,1
7/8/2023 5:43:37,23.00,4622.42,3.26,48,0,14,0,708,0,1
7/8/2023 5:43:38,23.00,4622.86,3.27,48,0,14,0,709,0,1
7/8/2023 5:43:39,23.00,4624.77,3.26,48,0,14,0,710,0,1
7/8/2023 5:43:44,23.00,4628.84,3.26,48,0,14,0,710,0,1
7/8/2023 6:36:10,23.00,4671.73,3.26,49,0,14,0,711,0,1
7/8/2023 6:36:22,23.00,4683.62,3.25,49,0,14,0,712,0,1
7/8/2023 6:36:23,23.00,4684.53,3.26,49,0,14,0,713,0,1
7/8/2023 6:36:23,23.00,4685.35,3.26,49,0,14,0,714,0,1
7/8/2023 6:36:28,23.00,4689.65,3.26,49,0,14,0,715,0,1
7/8/2023 6:36:28,23.00,4690.19,3.26,49,0,14,0,716,0,1
7/8/2023 6:36:32,23.00,4693.81,3.25,49,0,14,0,717,0,1
7/8/2023 6:36:32,23.00,4694.41,3.26,49,0,14,0,718,0,1
7/8/2023 6:36:36,23.00,4698.04,3.26,49,0,14,0,719,0,1
7/8/2023 6:36:37,23.00,4698.65,3.26,49,0,14,0,720,0,1
7/8/2023 6:36:37,23.00,4699.25,3.26,49,0,14,0,721,0,1
7/8/2023 6:36:38,23.00,4699.82,3.26,49,0,14,0,722,0,1
7/8/2023 6:36:50,23.00,4712.28,3.27,49,0,14,0,723,0,1
7/8/2023 6:36:51,23.00,4712.73,3.25,49,0,14,0,724,0,1
7/8/2023 6:36:52,23.00,4713.80,3.26,49,0,14,0,725,0,1
7/8/2023 6:36:52,23.00,4714.36,3.26,49,0,14,0,726,0,1
7/8/2023 6:36:57,23.00,4718.62,3.26,49,0,14,0,727,0,1
7/8/2023 6:36:58,23.00,4719.48,3.26,49,0,14,0,728,0,1
7/8/2023 6:36:59,23.00,4720.54,3.25,49,0,14,0,729,0,1
7/8/2023 6:37:00,23.00,4721.66,3.26,49,0,14,0,730,0,1
7/8/2023 6:37:01,23.00,4723.40,3.26,49,0,14,0,731,0,1
7/8/2023 6:37:03,23.00,4725.14,3.26,49,0,14,0,732,0,1
7/8/2023 6:37:04,23.00,4726.18,3.26,49,0,14,0,733,0,1
7/8/2023 6:37:05,23.00,4727.17,3.26,49,0,14,0,734,0,1
7/8/2023 6:37:07,23.00,4728.60,3.26,49,0,14,0,735,0,1
7/8/2023 6:37:08,23.00,4730.33,3.26,49,0,14,0,736,0,1
7/8/2023 6:37:09,23.00,4730.49,3.26,49,0,14,0,736,0,1
7/8/2023 6:50:57,23.00,4752.70,3.25,50,0,14,0,737,0,1
7/8/2023 6:50:57,23.00,4753.52,3.26,50,0,14,0,738,0,1
7/8/2023 6:51:01,23.00,4757.23,3.26,50,0,14,0,739,0,1
7/8/2023 6:51:03,23.00,4758.56,3.25,50,0,14,0,740,0,1
7/8/2023 6:51:09,23.00,4764.63,3.26,50,0,14,0,741,0,1
7/8/2023 6:51:10,23.00,4766.36,3.25,50,0,14,0,742,0,1
7/8/2023 6:51:13,23.00,4769.45,3.26,50,0,14,0,743,0,1
7/8/2023 6:51:16,23.00,4771.71,3.26,50,0,14,0,744,0,1
7/8/2023 6:51:17,23.00,4773.31,3.26,50,0,14,0,745,0,1
7/8/2023 6:51:20,23.00,4776.15,3.25,50,0,14,0,746,0,1
7/8/2023 6:51:27,23.00,4783.10,3.26,50,0,14,0,747,0,1
7/8/2023 6:51:28,23.00,4783.59,3.26,50,0,14,0,748,0,1
7/8/2023 6:51:39,23.00,4794.88,3.26,50,0,14,0,749,0,1
7/8/2023 6:51:45,23.00,4801.48,3.25,50,0,14,0,750,0,1
7/8/2023 6:51:54,23.00,4809.77,3.25,50,0,14,0,751,0,1
7/8/2023 6:51:54,23.00,4809.89,3.25,50,0,14,0,751,0,1
7/8/2023 11:21:20,23.25,5036.48,3.26,51,0,14,0,751,0,1
7/8/2023 11:39:05,23.75,5053.24,3.27,51,0,15,0,751,0,1
7/8/2023 11:39:10,23.75,5053.72,3.27,51,0,16,0,751,0,1
7/8/2023 11:39:19,23.75,5061.88,3.26,52,0,16,0,752,0,1
7/8/2023 11:39:24,23.75,5067.69,3.26,52,0,16,0,753,0,1
7/8/2023 11:39:25,23.75,5068.14,3.26,52,0,16,0,754,0,1
7/8/2023 11:39:26,23.75,5068.85,3.25,52,0,16,0,755,0,1
7/8/2023 11:39:27,23.75,5070.26,3.26,52,0,16,0,756,0,1
7/8/2023 11:39:41,23.75,5083.81,3.26,52,0,16,0,757,0,1
7/8/2023 11:39:45,23.75,5087.89,3.26,52,0,16,0,758,0,1
7/8/2023 11:39:45,23.75,5088.75,3.26,52,0,16,0,759,0,1
7/8/2023 11:39:47,23.75,5090.31,3.26,52,0,16,0,760,0,1
7/8/2023 11:39:48,23.75,5091.70,3.27,52,0,16,0,761,0,1
7/8/2023 11:39:55,23.75,5097.81,3.27,52,0,16,0,762,0,1
7/8/2023 11:40:02,23.75,5105.13,3.27,52,0,16,0,763,0,1
7/8/2023 11:40:02,23.75,5105.69,3.27,52,0,16,0,764,0,1
7/8/2023 11:40:07,23.75,5110.07,3.26,52,0,16,0,765,0,1
7/8/2023 11:40:12,23.75,5114.90,3.27,52,0,16,0,766,0,1
7/8/2023 11:40:16,23.75,5119.26,3.27,52,0,16,0,766,0,1
7/8/2023 16:55:44,23.25,5313.42,3.26,53,0,16,0,767,0,1
7/8/2023 16:56:03,23.25,5332.90,3.26,53,0,16,0,768,0,1
7/8/2023 16:56:04,23.25,5333.78,3.26,53,0,16,0,769,0,1
7/8/2023 16:56:11,23.25,5340.35,3.26,53,0,16,0,770,0,1
7/8/2023 16:56:11,23.25,5341.14,3.26,53,0,16,0,771,0,1
7/8/2023 16:56:13,23.25,5342.56,3.25,53,0,16,0,772,0,1
7/8/2023 16:56:25,23.25,5354.47,3.25,53,0,16,0,773,0,1
7/8/2023 16:56:28,23.25,5357.47,3.25,53,0,16,0,774,0,1
7/8/2023 16:56:43,23.25,5373.04,3.25,53,0,16,0,774,0,1
7/8/2023 19:17:05,23.25,5467.56,3.26,54,0,16,0,775,0,1
7/8/2023 19:17:06,23.25,5468.53,3.26,54,0,16,0,776,0,1
7/8/2023 19:17:13,23.25,5475.78,3.26,54,0,16,0,777,0,1
7/8/2023 19:17:31,23.25,5493.19,3.26,54,0,16,0,778,0,1
7/8/2023 19:18:03,23.25,5525.59,3.26,54,0,16,0,778,0,1
7/8/2023 19:38:29,23.25,5543.74,3.27,54,0,17,0,778,0,1
7/8/2023 19:38:47,23.25,5550.31,3.26,55,0,17,0,779,0,1
7/8/2023 19:38:49,23.25,5551.74,3.25,55,0,17,0,780,0,1
7/8/2023 19:38:51,23.25,5553.89,3.26,55,0,17,0,781,0,1
7/8/2023 19:38:52,23.25,5554.45,3.25,55,0,17,0,782,0,1
7/8/2023 19:38:53,23.25,5555.60,3.25,55,0,17,0,783,0,1
7/8/2023 19:39:01,23.25,5563.85,3.26,55,0,17,0,784,0,1
7/8/2023 19:39:02,23.25,5565.35,3.25,55,0,17,0,785,0,1
7/8/2023 19:39:08,23.25,5570.66,3.25,55,0,17,0,786,0,1
7/8/2023 19:39:08,23.25,5571.12,3.25,55,0,17,0,787,0,1
7/8/2023 19:39:13,23.25,5576.01,3.26,55,0,17,0,788,0,1
7/8/2023 19:39:15,23.25,5577.43,3.25,55,0,17,0,789,0,1
7/8/2023 19:39:20,23.25,5582.63,3.25,55,0,17,0,790,0,1
7/8/2023 19:39:22,23.25,5584.51,3.26,55,0,17,0,791,0,1
7/8/2023 19:39:24,23.25,5586.89,3.25,55,0,17,0,792,0,1
7/8/2023 19:39:25,23.25,5587.52,3.25,55,0,17,0,793,0,1
7/8/2023 19:39:26,23.25,5588.42,3.25,55,0,17,0,794,0,1
7/8/2023 19:39:30,23.25,5593.07,3.26,55,0,17,0,795,0,1
7/8/2023 19:39:31,23.25,5593.66,3.26,55,0,17,0,796,0,1
7/8/2023 19:39:34,23.25,5596.52,3.26,55,0,17,0,797,0,1
7/8/2023 19:39:42,23.25,5604.49,3.26,55,0,17,0,798,0,1
7/8/2023 19:39:45,23.25,5607.39,3.26,55,0,17,0,799,0,1
7/8/2023 19:39:47,23.25,5609.44,3.26,55,0,17,0,799,0,1
7/8/2023 20:16:12,23.25,5644.66,3.26,56,0,17,0,800,0,1
7/8/2023 20:16:13,23.25,5645.71,3.25,56,0,17,0,801,0,1
7/8/2023 20:16:14,23.25,5646.16,3.25,56,0,17,0,802,0,1
7/8/2023 20:16:24,23.25,5656.48,3.26,56,0,17,0,803,0,1
7/8/2023 20:16:25,23.25,5656.94,3.25,56,0,17,0,804,0,1
7/8/2023 20:16:27,23.25,5659.14,3.25,56,0,17,0,805,0,1
7/8/2023 20:16:28,23.25,5659.79,3.25,56,0,17,0,806,0,1
7/8/2023 20:16:31,23.25,5662.93,3.25,56,0,17,0,807,0,1
7/8/2023 20:16:35,23.25,5667.18,3.24,56,0,17,0,808,0,1
7/8/2023 20:16:35,23.25,5667.73,3.25,56,0,17,0,809,0,1
7/8/2023 20:16:36,23.25,5668.18,3.26,56,0,17,0,810,0,1
7/8/2023 20:16:36,23.25,5668.71,3.26,56,0,17,0,811,0,1
7/8/2023 20:16:37,23.25,5669.40,3.26,56,0,17,0,812,0,1
7/8/2023 20:16:39,23.25,5671.66,3.26,56,0,17,0,813,0,1
7/8/2023 20:16:40,23.25,5672.64,3.26,56,0,17,0,814,0,1
7/8/2023 20:16:42,23.25,5674.49,3.26,56,0,17,0,815,0,1
7/8/2023 20:16:46,23.25,5677.93,3.27,56,0,17,0,816,0,1
7/8/2023 20:16:50,23.25,5682.23,3.26,56,0,17,0,817,0,1
7/8/2023 20:17:10,23.25,5701.83,3.26,56,0,17,0,817,0,1
7/8/2023 21:14:50,23.50,5741.50,3.26,56,0,18,0,817,0,1
7/8/2023 21:15:03,23.50,5749.64,3.26,57,0,18,0,818,0,1
7/8/2023 21:15:04,23.50,5750.87,3.26,57,0,18,0,819,0,1
7/8/2023 21:15:06,23.50,5753.48,3.25,57,0,18,0,820,0,1
7/8/2023 21:15:09,23.50,5755.59,3.26,57,0,18,0,821,0,1
7/8/2023 21:15:09,23.50,5756.19,3.26,57,0,18,0,822,0,1
7/8/2023 21:15:13,23.50,5760.02,3.25,57,0,18,0,823,0,1
7/8/2023 21:15:14,23.50,5760.77,3.26,57,0,18,0,824,0,1
7/8/2023 21:15:18,23.50,5765.18,3.25,57,0,18,0,825,0,1
7/8/2023 21:15:19,23.50,5765.77,3.25,57,0,18,0,826,0,1
7/8/2023 21:15:19,23.50,5766.50,3.26,57,0,18,0,827,0,1
7/8/2023 21:15:21,23.50,5767.68,3.26,57,0,18,0,828,0,1
7/8/2023 21:15:22,23.50,5768.74,3.26,57,0,18,0,829,0,1
7/8/2023 21:15:26,23.50,5773.02,3.25,57,0,18,0,830,0,1
7/8/2023 21:15:32,23.50,5779.48,3.26,57,0,18,0,831,0,1
7/8/2023 21:15:34,23.50,5780.95,3.26,57,0,18,0,832,0,1
7/8/2023 21:15:35,23.50,5781.85,3.25,57,0,18,0,833,0,1
7/8/2023 21:15:44,23.50,5790.91,3.26,57,0,18,0,834,0,1
7/8/2023 21:15:48,23.50,5794.55,3.26,57,0,18,0,835,0,1
7/8/2023 21:15:54,23.50,5800.89,3.26,57,0,18,0,836,0,1
7/8/2023 21:15:58,23.50,5805.17,3.27,57,0,18,0,837,0,1
7/8/2023 21:16:00,23.50,5807.09,3.27,57,0,18,0,837,0,1
7/8/2023 21:32:11,23.50,5828.27,3.25,58,0,18,0,838,0,1
7/8/2023 21:32:19,23.50,5836.46,3.25,58,0,18,0,839,0,1
7/8/2023 21:32:27,23.50,5844.53,3.26,58,0,18,0,840,0,1
7/8/2023 21:32:33,23.50,5850.15,3.26,58,0,18,0,841,0,1
7/8/2023 21:32:33,23.50,5850.95,3.26,58,0,18,0,842,0,1
7/8/2023 21:32:38,23.50,5855.20,3.26,58,0,18,0,843,0,1
7/8/2023 21:32:38,23.50,5856.03,3.26,58,0,18,0,844,0,1
7/8/2023 21:32:44,23.50,5861.40,3.26,58,0,18,0,845,0,1
7/8/2023 21:32:48,23.50,5865.76,3.26,58,0,18,0,846,0,1
7/8/2023 21:32:54,23.50,5871.22,3.26,58,0,18,0,847,0,1
7/8/2023 21:32:55,23.50,5872.46,3.26,58,0,18,0,848,0,1
7/8/2023 21:32:58,23.50,5875.10,3.26,58,0,18,0,849,0,1
7/8/2023 21:32:58,23.50,5875.72,3.26,58,0,18,0,850,0,1
7/8/2023 21:33:00,23.50,5877.41,3.27,58,0,18,0,851,0,1
7/8/2023 21:33:04,23.50,5881.53,3.26,58,0,18,0,852,0,1
7/8/2023 21:33:06,23.50,5883.34,3.26,58,0,18,0,853,0,1
7/8/2023 21:33:09,23.50,5886.73,3.27,58,0,18,0,854,0,1
7/8/2023 21:33:10,23.50,5887.28,3.26,58,0,18,0,855,0,1
7/8/2023 21:33:10,23.50,5887.79,3.26,58,0,18,0,855,0,1
7/8/2023 22:34:30,23.50,5936.03,3.26,59,0,18,0,856,0,1
7/8/2023 22:34:31,23.50,5936.56,3.26,59,0,18,0,857,0,1
7/8/2023 22:34:32,23.50,5938.13,3.26,59,0,18,0,858,0,1
7/8/2023 22:34:35,23.50,5941.44,3.25,59,0,18,0,859,0,1
7/8/2023 22:34:37,23.50,5942.50,3.26,59,0,18,0,860,0,1
7/8/2023 22:34:41,23.50,5947.34,3.25,59,0,18,0,861,0,1
7/8/2023 22:34:42,23.50,5948.18,3.25,59,0,18,0,862,0,1
7/8/2023 22:34:44,23.50,5949.73,3.25,59,0,18,0,863,0,1
7/8/2023 22:34:46,23.50,5951.84,3.26,59,0,18,0,864,0,1
7/8/2023 22:34:47,23.50,5953.20,3.26,59,0,18,0,865,0,1
7/8/2023 22:34:49,23.50,5954.62,3.26,59,0,18,0,866,0,1
7/8/2023 22:34:52,23.50,5958.24,3.26,59,0,18,0,867,0,1
7/8/2023 22:35:03,23.50,5969.48,3.26,59,0,18,0,868,0,1
7/8/2023 22:35:18,23.50,5984.33,3.26,59,0,18,0,869,0,1
7/8/2023 22:35:23,23.50,5989.26,3.26,59,0,18,0,870,0,1
7/8/2023 22:35:24,23.50,5990.05,3.26,59,0,18,0,871,0,1
7/8/2023 22:35:26,23.50,5991.90,3.26,59,0,18,0,872,0,1
7/8/2023 22:35:29,23.50,5994.64,3.26,59,0,18,0,872,0,1
7/8/2023 22:44:18,23.50,6011.77,3.26,60,0,18,0,873,0,1
7/8/2023 22:44:21,23.50,6014.77,3.26,60,0,18,0,874,0,1
7/8/2023 22:44:23,23.50,6016.93,3.26,60,0,18,0,875,0,1
7/8/2023 22:44:24,23.50,6017.39,3.26,60,0,18,0,876,0,1
7/8/2023 22:44:27,23.50,6020.56,3.26,60,0,18,0,877,0,1
7/8/2023 22:44:30,23.50,6023.06,3.26,60,0,18,0,878,0,1
7/8/2023 22:44:34,23.50,6027.08,3.26,60,0,18,0,879,0,1
7/8/2023 22:44:35,23.50,6028.38,3.26,60,0,18,0,880,0,1
7/8/2023 22:44:35,23.50,6028.98,3.26,60,0,18,0,881,0,1
7/8/2023 22:44:36,23.50,6029.56,3.26,60,0,18,0,882,0,1
7/8/2023 22:44:45,23.50,6038.62,3.25,60,0,18,0,883,0,1
7/8/2023 22:44:49,23.50,6042.51,3.26,60,0,18,0,884,0,1
7/8/2023 22:44:50,23.50,6043.37,3.26,60,0,18,0,885,0,1
7/8/2023 22:44:51,23.50,6044.24,3.26,60,0,18,0,886,0,1
7/8/2023 22:44:52,23.50,6045.27,3.26,60,0,18,0,887,0,1
7/8/2023 22:44:58,23.50,6051.30,3.26,60,0,18,0,888,0,1
7/8/2023 22:45:00,23.50,6053.89,3.27,60,0,18,0,889,0,1
7/8/2023 22:45:07,23.50,6060.88,3.26,60,0,18,0,890,0,1
7/8/2023 22:45:08,23.50,6061.45,3.27,60,0,18,0,891,0,1
7/8/2023 22:45:17,23.50,6070.50,3.26,60,0,18,0,892,0,1
7/8/2023 22:45:18,23.50,6071.07,3.26,60,0,18,0,892,0,1
7/8/2023 23:06:12,23.50,6089.44,3.27,60,0,19,0,892,0,1
7/8/2023 23:06:32,23.50,6097.91,3.26,61,0,19,0,893,0,1
7/8/2023 23:06:33,23.50,6098.92,3.26,61,0,19,0,894,0,1
7/8/2023 23:06:34,23.50,6099.38,3.26,61,0,19,0,895,0,1
7/8/2023 23:06:37,23.50,6102.60,3.26,61,0,19,0,896,0,1
7/8/2023 23:06:38,23.50,6103.40,3.26,61,0,19,0,897,0,1
7/8/2023 23:06:40,23.50,6105.94,3.26,61,0,19,0,898,0,1
7/8/2023 23:06:41,23.50,6106.98,3.26,61,0,19,0,899,0,1
7/8/2023 23:06:45,23.50,6110.63,3.26,61,0,19,0,900,0,1
7/8/2023 23:06:59,23.50,6124.47,3.25,61,0,19,0,901,0,1
7/8/2023 23:07:06,23.50,6131.64,3.26,61,0,19,0,902,0,1
7/8/2023 23:07:07,23.50,6132.60,3.26,61,0,19,0,903,0,1
7/8/2023 23:07:10,23.50,6135.20,3.26,61,0,19,0,904,0,1
7/8/2023 23:07:11,23.50,6136.88,3.26,61,0,19,0,905,0,1
7/8/2023 23:07:12,23.50,6137.38,3.26,61,0,19,0,906,0,1
7/8/2023 23:07:28,23.50,6153.51,3.26,61,0,19,0,907,0,1
7/8/2023 23:07:29,23.50,6154.66,3.26,61,0,19,0,908,0,1
7/8/2023 23:07:30,23.50,6155.33,3.27,61,0,19,0,909,0,1
7/8/2023 23:07:30,23.50,6155.45,3.27,61,0,19,0,909,0,1
7/8/2023 23:23:23,23.50,6170.93,3.26,61,0,20,0,909,0,1
7/8/2023 23:23:34,23.50,6171.53,3.27,61,0,21,0,909,0,1
7/8/2023 23:23:55,23.50,6178.30,3.25,62,0,21,0,910,0,1
7/8/2023 23:23:56,23.50,6179.56,3.26,62,0,21,0,911,0,1
7/8/2023 23:23:57,23.50,6180.09,3.25,62,0,21,0,912,0,1
7/8/2023 23:24:06,23.50,6188.77,3.26,62,0,21,0,913,0,1
7/8/2023 23:24:07,23.50,6189.97,3.25,62,0,21,0,914,0,1
7/8/2023 23:24:12,23.50,6195.39,3.26,62,0,21,0,915,0,1
7/8/2023 23:24:15,23.50,6197.77,3.27,62,0,21,0,916,0,1
7/8/2023 23:24:15,23.50,6198.29,3.26,62,0,21,0,917,0,1
7/8/2023 23:24:17,23.50,6200.24,3.26,62,0,21,0,918,0,1
7/8/2023 23:24:19,23.50,6201.67,3.26,62,0,21,0,919,0,1
7/8/2023 23:24:23,23.50,6206.49,3.26,62,0,21,0,920,0,1
7/8/2023 23:24:29,23.50,6211.83,3.26,62,0,21,0,921,0,1
7/8/2023 23:24:34,23.50,6216.89,3.26,62,0,21,0,922,0,1
7/8/2023 23:24:36,23.75,6218.67,3.26,62,0,21,0,923,0,1
7/8/2023 23:24:51,23.75,6234.15,3.26,62,0,21,0,924,0,1
7/8/2023 23:24:52,23.75,6234.74,3.27,62,0,21,0,925,0,1
7/8/2023 23:24:53,23.75,6235.71,3.26,62,0,21,0,926,0,1
7/8/2023 23:24:54,23.75,6237.24,3.26,62,0,21,0,926,0,1
7/9/2023 1:02:29,23.50,6305.97,3.26,63,0,21,0,927,0,1
7/9/2023 1:02:29,23.50,6306.62,3.25,63,0,21,0,928,0,1
7/9/2023 1:02:32,23.50,6309.51,3.25,63,0,21,0,929,0,1
7/9/2023 1:02:34,23.50,6311.10,3.26,63,0,21,0,930,0,1
7/9/2023 1:02:42,23.50,6319.59,3.26,63,0,21,0,931,0,1
7/9/2023 1:02:45,23.50,6321.73,3.26,63,0,21,0,932,0,1
7/9/2023 1:02:45,23.50,6322.45,3.25,63,0,21,0,933,0,1
7/9/2023 1:02:50,23.50,6327.66,3.26,63,0,21,0,934,0,1
7/9/2023 1:02:56,23.50,6333.52,3.26,63,0,21,0,935,0,1
7/9/2023 1:03:14,23.50,6350.81,3.26,63,0,21,0,936,0,1
7/9/2023 1:03:20,23.50,6357.11,3.26,63,0,21,0,937,0,1
7/9/2023 1:03:23,23.50,6359.86,3.26,63,0,21,0,938,0,1
7/9/2023 1:03:23,23.50,6360.41,3.26,63,0,21,0,939,0,1
7/9/2023 1:03:26,23.50,6363.12,3.26,63,0,21,0,940,0,1
7/9/2023 1:03:28,23.50,6365.03,3.26,63,0,21,0,940,0,1
7/9/2023 1:04:20,23.50,6377.77,3.26,64,0,21,0,941,0,1
7/9/2023 1:04:22,23.50,6379.76,3.25,64,0,21,0,942,0,1
7/9/2023 1:04:28,23.50,6386.50,3.26,64,0,21,0,943,0,1
7/9/2023 1:04:46,23.50,6403.77,3.26,64,0,21,0,944,0,1
7/9/2023 1:04:47,23.50,6404.98,3.26,64,0,21,0,945,0,1
7/9/2023 1:04:58,23.75,6416.14,3.27,64,0,21,0,946,0,1
7/9/2023 1:05:11,23.75,6429.46,3.26,64,0,21,0,947,0,1
7/9/2023 1:05:12,23.75,6430.16,3.26,64,0,21,0,948,0,1
7/9/2023 1:05:14,23.75,6431.78,3.26,64,0,21,0,949,0,1
7/9/2023 1:05:19,23.75,6436.83,3.26,64,0,21,0,949,0,1
7/9/2023 2:16:16,23.50,6484.13,3.26,64,0,22,0,949,0,1
7/9/2023 2:16:26,23.50,6490.95,3.26,65,0,22,0,950,0,1
7/9/2023 2:16:28,23.50,6491.99,3.26,65,0,22,0,951,0,1
7/9/2023 2:16:31,23.50,6495.61,3.25,65,0,22,0,952,0,1
7/9/2023 2:16:32,23.50,6496.54,3.25,65,0,22,0,953,0,1
7/9/2023 2:16:33,23.50,6497.85,3.26,65,0,22,0,954,0,1
7/9/2023 2:16:41,23.50,6505.25,3.25,65,0,22,0,955,0,1
7/9/2023 2:16:47,23.50,6511.88,3.26,65,0,22,0,956,0,1
7/9/2023 2:16:48,23.50,6512.57,3.25,65,0,22,0,957,0,1
7/9/2023 2:16:49,23.50,6513.00,3.26,65,0,22,0,958,0,1
7/9/2023 2:16:49,23.50,6513.78,3.26,65,0,22,0,959,0,1
7/9/2023 2:16:58,23.50,6522.89,3.26,65,0,22,0,960,0,1
7/9/2023 2:17:02,23.50,6526.53,3.26,65,0,22,0,961,0,1
7/9/2023 2:17:10,23.50,6534.43,3.26,65,0,22,0,962,0,1
7/9/2023 2:17:25,23.50,6549.74,3.26,65,0,22,0,962,0,1
7/9/2023 2:23:33,23.75,6565.23,3.26,66,0,22,0,963,0,1
7/9/2023 2:23:33,23.75,6565.68,3.26,66,0,22,0,964,0,1
7/9/2023 2:23:36,23.75,6568.70,3.26,66,0,22,0,965,0,1
7/9/2023 2:23:39,23.75,6570.94,3.26,66,0,22,0,966,0,1
7/9/2023 2:23:42,23.75,6574.20,3.26,66,0,22,0,967,0,1
7/9/2023 2:23:43,23.75,6575.15,3.26,66,0,22,0,968,0,1
7/9/2023 2:23:45,23.75,6577.00,3.26,66,0,22,0,969,0,1
7/9/2023 2:23:50,23.75,6582.57,3.26,66,0,22,0,970,0,1
7/9/2023 2:23:51,23.75,6583.16,3.26,66,0,22,0,971,0,1
7/9/2023 2:23:53,23.75,6585.24,3.27,66,0,22,0,972,0,1
7/9/2023 2:23:54,23.75,6586.51,3.26,66,0,22,0,973,0,1
7/9/2023 2:24:00,23.75,6592.81,3.26,66,0,22,0,974,0,1
7/9/2023 2:24:02,23.75,6594.72,3.26,66,0,22,0,975,0,1
7/9/2023 2:24:04,23.75,6596.03,3.26,66,0,22,0,976,0,1
7/9/2023 2:24:05,23.75,6597.58,3.26,66,0,22,0,977,0,1
7/9/2023 2:24:13,23.75,6604.94,3.27,66,0,22,0,978,0,1
7/9/2023 2:24:18,23.75,6610.05,3.26,66,0,22,0,979,0,1
7/9/2023 2:24:32,23.75,6624.66,3.26,66,0,22,0,979,0,1
7/9/2023 2:27:18,23.75,6639.01,3.25,67,0,22,0,980,0,1
7/9/2023 2:27:20,23.75,6641.65,3.26,67,0,22,0,981,0,1
7/9/2023 2:27:23,23.75,6644.56,3.26,67,0,22,0,982,0,1
7/9/2023 2:27:26,23.75,6647.69,3.26,67,0,22,0,983,0,1
7/9/2023 2:27:27,23.75,6648.67,3.26,67,0,22,0,984,0,1
7/9/2023 2:27:28,23.75,6649.19,3.26,67,0,22,0,985,0,1
7/9/2023 2:27:30,23.75,6651.33,3.27,67,0,22,0,986,0,1
7/9/2023 2:27:32,23.75,6652.91,3.26,67,0,22,0,987,0,1
7/9/2023 2:27:36,23.75,6657.25,3.26,67,0,22,0,988,0,1
7/9/2023 2:27:45,23.75,6666.30,3.26,67,0,22,0,989,0,1
7/9/2023 2:27:52,23.75,6672.93,3.26,67,0,22,0,990,0,1
7/9/2023 2:27:55,23.75,6676.64,3.27,67,0,22,0,991,0,1
7/9/2023 2:28:01,23.75,6682.68,3.27,67,0,22,0,992,0,1
7/9/2023 2:28:03,23.75,6684.53,3.27,67,0,22,0,993,0,1
7/9/2023 2:28:04,23.75,6685.27,3.26,67,0,22,0,994,0,1
7/9/2023 2:28:15,23.75,6695.82,3.26,67,0,22,0,995,0,1
7/9/2023 2:28:16,23.75,6697.04,3.27,67,0,22,0,996,0,1
7/9/2023 2:28:16,23.75,6697.61,3.27,67,0,22,0,996,0,1
7/9/2023 3:43:18,23.50,6753.59,3.26,68,0,22,0,997,0,1
7/9/2023 3:43:21,23.50,6756.83,3.25,68,0,22,0,998,0,1
7/9/2023 3:43:23,23.50,6759.17,3.26,68,0,22,0,999,0,1
7/9/2023 3:43:28,23.50,6764.14,3.26,68,0,22,0,1000,0,1
7/9/2023 3:43:32,23.50,6767.98,3.26,68,0,22,0,1001,0,1
7/9/2023 3:43:33,23.50,6769.01,3.26,68,0,22,0,1002,0,1
7/9/2023 3:43:38,23.50,6774.11,3.26,68,0,22,0,1003,0,1
7/9/2023 3:43:39,23.50,6774.80,3.26,68,0,22,0,1004,0,1
7/9/2023 3:43:49,23.50,6784.98,3.26,68,0,22,0,1005,0,1
7/9/2023 3:44:16,23.50,6812.33,3.26,68,0,22,0,1005,0,1
7/9/2023 3:45:49,23.75,6825.62,3.26,69,0,22,0,1006,0,1
7/9/2023 3:45:51,23.75,6827.52,3.26,69,0,22,0,1007,0,1
7/9/2023 3:45:55,23.75,6831.29,3.26,69,0,22,0,1008,0,1
7/9/2023 3:45:57,23.75,6833.00,3.26,69,0,22,0,1009,0,1
7/9/2023 3:45:57,23.75,6833.72,3.27,69,0,22,0,1010,0,1
7/9/2023 3:46:03,23.75,6839.13,3.26,69,0,22,0,1011,0,1
7/9/2023 3:46:04,23.75,6840.66,3.26,69,0,22,0,1012,0,1
7/9/2023 3:46:48,23.75,6884.60,3.26,69,0,22,0,1012,0,1
7/9/2023 4:34:54,23.50,6929.90,3.26,70,0,22,0,1013,0,1
7/9/2023 4:34:56,23.50,6931.88,3.26,70,0,22,0,1014,0,1
7/9/2023 4:34:57,23.50,6932.88,3.25,70,0,22,0,1015,0,1
7/9/2023 4:34:58,23.50,6933.83,3.26,70,0,22,0,1016,0,1
7/9/2023 4:34:59,23.50,6934.76,3.26,70,0,22,0,1017,0,1
7/9/2023 4:35:00,23.50,6936.18,3.26,70,0,22,0,1018,0,1
7/9/2023 4:35:02,23.50,6937.94,3.26,70,0,22,0,1019,0,1
7/9/2023 4:35:04,23.50,6939.47,3.26,70,0,22,0,1020,0,1
7/9/2023 4:35:05,23.50,6940.35,3.26,70,0,22,0,1021,0,1
7/9/2023 4:35:07,23.50,6942.53,3.25,70,0,22,0,1022,0,1
7/9/2023 4:35:22,23.50,6957.22,3.26,70,0,22,0,1023,0,1
7/9/2023 4:35:26,23.50,6962.03,3.26,70,0,22,0,1024,0,1
7/9/2023 4:35:48,23.50,6983.70,3.26,70,0,22,0,1024,0,1
7/9/2023 4:43:51,23.75,7000.97,3.26,71,0,22,0,1025,0,1
7/9/2023 4:43:55,23.75,7005.45,3.26,71,0,22,0,1026,0,1
7/9/2023 4:43:56,23.75,7006.22,3.26,71,0,22,0,1027,0,1
7/9/2023 4:43:59,23.75,7009.21,3.26,71,0,22,0,1028,0,1
7/9/2023 4:44:03,23.75,7013.43,3.26,71,0,22,0,1029,0,1
7/9/2023 4:44:08,23.75,7018.86,3.26,71,0,22,0,1030,0,1
7/9/2023 4:44:16,23.75,7026.06,3.27,71,0,22,0,1031,0,1
7/9/2023 4:44:16,23.75,7026.70,3.26,71,0,22,0,1032,0,1
7/9/2023 4:44:17,23.75,7027.75,3.26,71,0,22,0,1033,0,1
7/9/2023 4:44:21,23.75,7031.88,3.26,71,0,22,0,1034,0,1
7/9/2023 4:44:22,23.75,7032.80,3.26,71,0,22,0,1035,0,1
7/9/2023 4:44:26,23.75,7036.81,3.26,71,0,22,0,1036,0,1
7/9/2023 4:44:49,23.75,7059.66,3.26,71,0,22,0,1036,0,1
7/9/2023 4:45:52,23.75,7072.77,3.27,72,0,22,0,1037,0,1
7/9/2023 4:45:53,23.75,7073.90,3.27,72,0,22,0,1038,0,1
7/9/2023 4:45:55,23.75,7075.48,3.26,72,0,22,0,1039,0,1
7/9/2023 4:46:01,23.75,7081.66,3.27,72,0,22,0,1040,0,1
7/9/2023 4:46:09,23.75,7089.55,3.26,72,0,22,0,1041,0,1
7/9/2023 4:46:15,23.75,7095.35,3.26,72,0,22,0,1042,0,1
7/9/2023 4:46:27,23.75,7107.10,3.26,72,0,22,0,1043,0,1
7/9/2023 4:46:39,23.75,7119.48,3.26,72,0,22,0,1044,0,1
7/9/2023 4:46:40,23.75,7120.76,3.26,72,0,22,0,1045,0,1
7/9/2023 4:46:51,23.75,7131.57,3.26,72,0,22,0,1045,0,1
7/9/2023 5:33:08,23.50,7171.49,3.26,73,0,22,0,1046,0,1
7/9/2023 5:33:09,23.50,7172.64,3.26,73,0,22,0,1047,0,1
7/9/2023 5:33:10,23.50,7173.35,3.26,73,0,22,0,1048,0,1
7/9/2023 5:33:11,23.50,7175.02,3.25,73,0,22,0,1049,0,1
7/9/2023 5:33:14,23.50,7177.60,3.25,73,0,22,0,1050,0,1
7/9/2023 5:33:15,23.50,7178.96,3.26,73,0,22,0,1051,0,1
7/9/2023 5:33:19,23.50,7182.47,3.26,73,0,22,0,1052,0,1
7/9/2023 5:33:28,23.50,7191.98,3.26,73,0,22,0,1053,0,1
7/9/2023 5:33:29,23.50,7192.71,3.26,73,0,22,0,1054,0,1
7/9/2023 5:33:37,23.50,7200.40,3.26,73,0,22,0,1055,0,1
7/9/2023 5:33:42,23.50,7205.31,3.26,73,0,22,0,1056,0,1
7/9/2023 5:33:50,23.50,7213.27,3.26,73,0,22,0,1057,0,1
7/9/2023 5:33:53,23.50,7216.87,3.26,73,0,22,0,1058,0,1
7/9/2023 5:34:06,23.50,7229.63,3.26,73,0,22,0,1058,0,1
7/9/2023 5:35:00,23.75,7247.07,3.26,74,0,22,0,1059,0,1
7/9/2023 5:35:00,23.75,7247.52,3.26,74,0,22,0,1060,0,1
7/9/2023 5:35:02,23.75,7248.63,3.26,74,0,22,0,1061,0,1
7/9/2023 5:35:09,23.75,7256.16,3.26,74,0,22,0,1062,0,1
7/9/2023 5:35:54,23.75,7301.43,3.26,74,0,22,0,1062,0,1
7/9/2023 6:04:36,23.50,7331.26,3.25,75,0,22,0,1063,0,1
7/9/2023 6:04:48,23.50,7343.26,3.26,75,0,22,0,1064,0,1
7/9/2023 6:04:53,23.50,7347.56,3.25,75,0,22,0,1065,0,1
7/9/2023 6:04:59,23.50,7353.68,3.26,75,0,22,0,1066,0,1
7/9/2023 6:04:59,23.50,7354.24,3.26,75,0,22,0,1067,0,1
7/9/2023 6:05:00,23.50,7355.44,3.26,75,0,22,0,1068,0,1
7/9/2023 6:05:05,23.50,7359.88,3.26,75,0,22,0,1069,0,1
7/9/2023 6:05:06,23.50,7360.64,3.25,75,0,22,0,1070,0,1
7/9/2023 6:05:09,23.50,7364.04,3.26,75,0,22,0,1071,0,1
7/9/2023 6:05:10,23.50,7365.18,3.26,75,0,22,0,1072,0,1
7/9/2023 6:05:11,23.50,7365.84,3.26,75,0,22,0,1073,0,1
7/9/2023 6:05:17,23.50,7372.35,3.26,75,0,22,0,1074,0,1
7/9/2023 6:05:20,23.50,7375.04,3.27,75,0,22,0,1075,0,1
7/9/2023 6:05:23,23.50,7378.47,3.26,75,0,22,0,1076,0,1
7/9/2023 6:05:34,23.50,7389.31,3.26,75,0,22,0,1076,0,1
7/9/2023 6:24:09,23.50,7406.29,3.27,75,0,23,0,1076,0,1
7/9/2023 6:24:09,23.50,7406.78,3.26,75,0,24,0,1076,0,1
7/9/2023 6:25:19,23.75,7415.87,3.26,76,0,24,0,1077,0,1
7/9/2023 6:25:26,23.75,7423.73,3.26,76,0,24,0,1078,0,1
7/9/2023 6:25:27,23.75,7424.42,3.26,76,0,24,0,1079,0,1
7/9/2023 6:25:28,23.75,7425.19,3.26,76,0,24,0,1080,0,1
7/9/2023 6:25:29,23.75,7425.98,3.26,76,0,24,0,1081,0,1
7/9/2023 6:25:30,23.75,7427.07,3.26,76,0,24,0,1082,0,1
7/9/2023 6:25:31,23.75,7428.84,3.26,76,0,24,0,1083,0,1
7/9/2023 6:26:01,23.75,7458.35,3.26,76,0,24,0,1084,0,1
7/9/2023 6:26:01,23.75,7458.80,3.26,76,0,24,0,1085,0,1
7/9/2023 6:26:02,23.75,7459.57,3.26,76,0,24,0,1086,0,1
7/9/2023 6:26:16,23.75,7472.95,3.26,76,0,24,0,1086,0,1
7/9/2023 6:26:27,23.75,7479.29,3.27,76,0,25,0,1086,0,1
7/9/2023 6:28:49,23.75,7545.58,3.26,77,0,25,0,1086,0,1
7/9/2023 7:09:12,23.75,7582.05,3.26,78,0,25,0,1087,0,1
7/9/2023 7:09:13,23.75,7583.04,3.25,78,0,25,0,1088,0,1
7/9/2023 7:09:20,23.75,7589.19,3.26,78,0,25,0,1089,0,1
7/9/2023 7:09:26,23.75,7595.93,3.27,78,0,25,0,1090,0,1
7/9/2023 7:09:29,23.75,7598.69,3.26,78,0,25,0,1091,0,1
7/9/2023 7:09:38,23.75,7607.84,3.27,78,0,25,0,1092,0,1
7/9/2023 7:09:50,23.75,7619.44,3.27,78,0,25,0,1093,0,1
7/9/2023 7:10:11,23.75,7640.28,3.27,78,0,25,0,1093,0,1
7/9/2023 7:22:01,23.75,7717.86,3.26,79,0,25,0,1093,0,1
7/9/2023 14:00:54,23.00,7965.60,3.26,80,0,25,0,1094,0,1
7/9/2023 14:00:55,23.00,7966.11,3.25,80,0,25,0,1095,0,1
7/9/2023 14:00:58,23.00,7969.70,3.25,80,0,25,0,1096,0,1
7/9/2023 14:01:00,23.00,7971.57,3.25,80,0,25,0,1097,0,1
7/9/2023 14:01:10,23.00,7981.18,3.26,80,0,25,0,1098,0,1
7/9/2023 14:01:10,23.00,7981.83,3.26,80,0,25,0,1099,0,1
7/9/2023 14:01:18,23.00,7989.82,3.26,80,0,25,0,1100,0,1
7/9/2023 14:01:21,23.00,7992.09,3.25,80,0,25,0,1101,0,1
7/9/2023 14:01:21,23.00,7992.60,3.26,80,0,25,0,1102,0,1
7/9/2023 14:01:26,23.25,7997.70,3.26,80,0,25,0,1103,0,1
7/9/2023 14:01:27,23.25,7998.58,3.25,80,0,25,0,1104,0,1
7/9/2023 14:01:32,23.25,8003.14,3.26,80,0,25,0,1105,0,1
7/9/2023 14:01:35,23.25,8006.31,3.25,80,0,25,0,1106,0,1
7/9/2023 14:01:42,23.25,8013.13,3.27,80,0,25,0,1107,0,1
7/9/2023 14:01:44,23.25,8015.33,3.25,80,0,25,0,1108,0,1
7/9/2023 14:01:48,23.25,8019.88,3.25,80,0,25,0,1108,0,1
7/9/2023 15:47:08,23.25,8151.61,3.27,81,0,25,0,1108,0,1
7/9/2023 15:50:08,23.50,8165.89,3.27,82,0,25,0,1109,0,1
7/9/2023 15:50:09,23.50,8166.38,3.26,82,0,25,0,1110,0,1
7/9/2023 15:50:15,23.50,8172.65,3.25,82,0,25,0,1111,0,1
7/9/2023 15:50:24,23.50,8181.75,3.26,82,0,25,0,1112,0,1
7/9/2023 15:50:27,23.50,8184.65,3.25,82,0,25,0,1113,0,1
7/9/2023 15:50:28,23.50,8185.08,3.26,82,0,25,0,1114,0,1
7/9/2023 15:50:31,23.50,8188.60,3.26,82,0,25,0,1115,0,1
7/9/2023 15:50:37,23.50,8194.58,3.25,82,0,25,0,1116,0,1
7/9/2023 15:50:42,23.50,8199.48,3.25,82,0,25,0,1117,0,1
7/9/2023 15:51:07,23.50,8224.68,3.25,82,0,25,0,1117,0,1
7/9/2023 16:05:28,23.25,8303.76,3.27,83,0,25,0,1117,0,1
7/9/2023 16:05:40,23.25,8310.11,3.26,83,0,26,0,1117,0,1
7/9/2023 16:08:04,23.25,8376.62,3.26,84,0,26,0,1117,0,1
7/9/2023 19:11:49,23.25,8501.46,3.26,85,0,26,0,1118,0,1
7/9/2023 19:11:51,23.25,8503.76,3.26,85,0,26,0,1119,0,1
7/9/2023 19:11:52,23.25,8504.37,3.26,85,0,26,0,1120,0,1
7/9/2023 19:11:54,23.25,8506.37,3.26,85,0,26,0,1121,0,1
7/9/2023 19:11:54,23.25,8506.99,3.26,85,0,26,0,1122,0,1
7/9/2023 19:12:11,23.25,8523.88,3.26,85,0,26,0,1123,0,1
7/9/2023 19:12:12,23.25,8524.51,3.26,85,0,26,0,1124,0,1
7/9/2023 19:12:14,23.25,8526.90,3.26,85,0,26,0,1125,0,1
7/9/2023 19:12:15,23.25,8527.37,3.25,85,0,26,0,1126,0,1
7/9/2023 19:12:15,23.25,8527.87,3.25,85,0,26,0,1127,0,1
7/9/2023 19:12:18,23.25,8530.05,3.25,85,0,26,0,1128,0,1
7/9/2023 19:12:18,23.25,8530.89,3.27,85,0,26,0,1129,0,1
7/9/2023 19:12:19,23.25,8531.55,3.26,85,0,26,0,1130,0,1
7/9/2023 19:12:26,23.25,8538.06,3.25,85,0,26,0,1131,0,1
7/9/2023 19:12:26,23.25,8539.01,3.26,85,0,26,0,1132,0,1
7/9/2023 19:12:27,23.25,8539.78,3.26,85,0,26,0,1133,0,1
7/9/2023 19:12:28,23.25,8540.75,3.26,85,0,26,0,1134,0,1
7/9/2023 19:12:30,23.25,8542.76,3.25,85,0,26,0,1135,0,1
7/9/2023 19:12:33,23.25,8545.22,3.26,85,0,26,0,1136,0,1
7/9/2023 19:12:38,23.25,8550.29,3.26,85,0,26,0,1137,0,1
7/9/2023 19:12:39,23.25,8551.81,3.25,85,0,26,0,1138,0,1
7/9/2023 19:12:42,23.25,8554.17,3.25,85,0,26,0,1138,0,1
7/9/2023 19:46:15,23.25,8589.15,3.26,86,0,26,0,1139,0,1
7/9/2023 19:46:16,23.25,8590.41,3.25,86,0,26,0,1140,0,1
7/9/2023 19:46:17,23.25,8591.52,3.26,86,0,26,0,1141,0,1
7/9/2023 19:46:17,23.25,8592.02,3.26,86,0,26,0,1142,0,1
7/9/2023 19:46:18,23.25,8592.64,3.26,86,0,26,0,1143,0,1
7/9/2023 19:46:24,23.25,8598.37,3.26,86,0,26,0,1144,0,1
7/9/2023 19:46:25,23.25,8599.74,3.26,86,0,26,0,1145,0,1
7/9/2023 19:46:34,23.25,8608.84,3.26,86,0,26,0,1146,0,1
7/9/2023 19:46:41,23.25,8615.59,3.26,86,0,26,0,1147,0,1
7/9/2023 19:46:56,23.25,8630.54,3.25,86,0,26,0,1148,0,1
7/9/2023 19:46:57,23.25,8631.86,3.26,86,0,26,0,1149,0,1
7/9/2023 19:46:59,23.25,8633.73,3.26,86,0,26,0,1150,0,1
7/9/2023 19:47:00,23.25,8634.27,3.26,86,0,26,0,1151,0,1
7/9/2023 19:47:10,23.25,8644.82,3.26,86,0,26,0,1151,0,1
7/9/2023 20:21:27,23.25,8678.50,3.25,87,0,26,0,1152,0,1
7/9/2023 20:21:27,23.25,8679.02,3.26,87,0,26,0,1153,0,1
7/9/2023 20:21:28,23.25,8679.51,3.26,87,0,26,0,1154,0,1
7/9/2023 20:21:39,23.25,8690.19,3.26,87,0,26,0,1155,0,1
7/9/2023 20:21:41,23.25,8692.69,3.25,87,0,26,0,1156,0,1
7/9/2023 20:22:05,23.25,8716.99,3.26,87,0,26,0,1157,0,1
7/9/2023 20:22:08,23.25,8719.42,3.26,87,0,26,0,1158,0,1
7/9/2023 20:22:17,23.50,8728.90,3.25,87,0,26,0,1159,0,1
7/9/2023 20:22:24,23.50,8735.94,3.25,87,0,26,0,1159,0,1
7/9/2023 20:26:33,23.50,8744.60,3.27,87,0,27,0,1159,0,1
7/9/2023 20:31:32,23.50,8754.30,3.26,88,0,27,0,1160,0,1
7/9/2023 20:31:33,23.50,8755.18,3.25,88,0,27,0,1161,0,1
7/9/2023 20:31:36,23.50,8758.18,3.25,88,0,27,0,1162,0,1
7/9/2023 20:31:38,23.50,8760.33,3.26,88,0,27,0,1163,0,1
7/9/2023 20:32:11,23.50,8793.33,3.26,88,0,27,0,1164,0,1
7/9/2023 20:32:12,23.50,8794.22,3.26,88,0,27,0,1165,0,1
7/9/2023 20:32:27,23.50,8809.75,3.26,88,0,27,0,1166,0,1
7/9/2023 20:32:31,23.50,8812.97,3.26,88,0,27,0,1166,0,1
7/9/2023 21:24:33,23.50,8855.81,3.25,89,0,27,0,1167,0,1
7/9/2023 21:24:35,23.50,8858.15,3.26,89,0,27,0,1168,0,1
7/9/2023 21:24:36,23.50,8858.81,3.26,89,0,27,0,1169,0,1
7/9/2023 21:24:37,23.50,8860.07,3.26,89,0,27,0,1170,0,1
7/9/2023 21:24:38,23.50,8861.37,3.26,89,0,27,0,1171,0,1
7/9/2023 21:24:40,23.50,8863.14,3.26,89,0,27,0,1172,0,1
7/9/2023 21:24:55,23.50,8877.54,3.26,89,0,27,0,1173,1,1
7/9/2023 21:25:14,23.50,8896.75,3.26,89,0,27,0,1174,0,1
7/9/2023 21:25:15,23.50,8898.23,3.26,89,0,27,0,1175,0,1
7/9/2023 21:25:22,23.50,8905.33,3.26,89,0,27,0,1176,0,1
7/9/2023 21:25:31,23.50,8914.15,3.26,89,0,27,0,1177,0,1
7/9/2023 21:25:31,23.50,8914.38,3.26,89,0,27,0,1177,0,1
7/9/2023 23:04:58,23.50,8983.60,3.26,90,0,27,0,1178,0,1
7/9/2023 23:04:58,23.50,8984.17,3.26,90,0,27,0,1179,0,1
7/9/2023 23:04:59,23.50,8984.78,3.25,90,0,27,0,1180,0,1
7/9/2023 23:05:01,23.50,8986.51,3.25,90,0,27,0,1181,0,1
7/9/2023 23:05:05,23.50,8990.59,3.25,90,0,27,0,1182,0,1
7/9/2023 23:05:09,23.50,8995.47,3.26,90,0,27,0,1183,0,1
7/9/2023 23:05:10,23.50,8996.38,3.25,90,0,27,0,1184,0,1
7/9/2023 23:05:17,23.50,9003.08,3.26,90,0,27,0,1185,0,1
7/9/2023 23:05:18,23.50,9004.27,3.26,90,0,27,0,1186,0,1
7/9/2023 23:05:20,23.50,9005.55,3.25,90,0,27,0,1187,0,1
7/9/2023 23:05:20,23.50,9006.48,3.26,90,0,27,0,1188,0,1
7/9/2023 23:05:23,23.50,9008.53,3.26,90,0,27,0,1189,0,1
7/9/2023 23:05:26,23.50,9011.84,3.26,90,0,27,0,1190,0,1
7/9/2023 23:05:27,23.50,9013.22,3.26,90,0,27,0,1191,0,1
7/9/2023 23:05:33,23.50,9019.14,3.26,90,0,27,0,1192,0,1
7/9/2023 23:05:34,23.50,9019.96,3.26,90,0,27,0,1193,0,1
7/9/2023 23:05:54,23.50,9039.52,3.26,90,0,27,0,1194,0,1
7/9/2023 23:05:57,23.50,9043.21,3.26,90,0,27,0,1194,0,1
7/9/2023 23:12:09,23.50,9059.08,3.25,91,0,27,0,1195,0,1
7/9/2023 23:12:10,23.50,9059.69,3.25,91,0,27,0,1196,0,1
7/9/2023 23:12:12,23.50,9062.00,3.26,91,0,27,0,1197,0,1
7/9/2023 23:12:13,23.50,9062.79,3.26,91,0,27,0,1198,0,1
7/9/2023 23:12:21,23.50,9070.65,3.26,91,0,27,0,1199,0,1
7/9/2023 23:12:23,23.50,9073.42,3.26,91,0,27,0,1200,0,1
7/9/2023 23:12:27,23.50,9076.80,3.26,91,0,27,0,1201,0,1
7/9/2023 23:12:28,23.50,9078.02,3.26,91,0,27,0,1202,0,1
7/9/2023 23:12:31,23.50,9081.27,3.26,91,0,27,0,1203,0,1
7/9/2023 23:12:32,23.50,9081.86,3.26,91,0,27,0,1204,0,1
7/9/2023 23:12:33,23.50,9083.35,3.26,91,0,27,0,1205,0,1
7/9/2023 23:12:40,23.50,9089.73,3.26,91,0,27,0,1206,0,1
7/9/2023 23:12:41,23.50,9090.65,3.26,91,0,27,0,1207,0,1
7/9/2023 23:12:54,23.50,9103.58,3.26,91,0,27,0,1208,0,1
7/9/2023 23:12:54,23.50,9104.19,3.26,91,0,27,0,1209,0,1
7/9/2023 23:12:58,23.50,9107.76,3.26,91,0,27,0,1210,0,1
7/9/2023 23:12:58,23.50,9108.31,3.26,91,0,27,0,1211,0,1
7/9/2023 23:13:08,23.50,9118.13,3.26,91,0,27,0,1211,0,1
7/10/2023 1:10:55,23.50,9257.03,3.26,92,0,27,0,1211,0,1
7/10/2023 1:26:12,23.50,9272.17,3.26,92,0,28,0,1211,0,1
7/10/2023 1:26:19,23.50,9279.03,3.26,93,0,28,0,1212,0,1
7/10/2023 1:27:17,23.50,9337.71,3.26,93,0,28,0,1212,0,1
7/10/2023 3:02:05,23.50,9426.71,3.26,94,0,28,0,1213,0,1
7/10/2023 3:02:08,23.50,9429.81,3.26,94,0,28,0,1214,0,1
7/10/2023 3:02:13,23.50,9434.61,3.26,94,0,28,0,1215,0,1
7/10/2023 3:02:14,23.50,9435.45,3.26,94,0,28,0,1216,0,1
7/10/2023 3:02:42,23.50,9463.65,3.26,94,0,28,0,1216,0,1
7/10/2023 3:05:55,23.75,9478.61,3.26,95,0,28,0,1217,0,1
7/10/2023 3:06:01,23.75,9484.45,3.26,95,0,28,0,1218,0,1
7/10/2023 3:06:07,23.75,9490.84,3.26,95,0,28,0,1219,0,1
7/10/2023 3:06:16,23.75,9499.33,3.26,95,0,28,0,1220,0,1
7/10/2023 3:06:23,23.75,9506.97,3.26,95,0,28,0,1221,0,1
7/10/2023 3:06:28,23.75,9511.15,3.26,95,0,28,0,1222,0,1
7/10/2023 3:06:29,23.75,9512.89,3.27,95,0,28,0,1223,0,1
7/10/2023 3:06:30,23.75,9513.35,3.27,95,0,28,0,1224,0,1
7/10/2023 3:06:34,23.75,9517.27,3.27,95,0,28,0,1225,0,1
7/10/2023 3:06:34,23.75,9517.84,3.27,95,0,28,0,1226,0,1
7/10/2023 3:06:40,23.75,9523.05,3.27,95,0,28,0,1227,0,1
7/10/2023 3:06:42,23.75,9525.25,3.26,95,0,28,0,1228,0,1
7/10/2023 3:06:47,23.75,9530.69,3.27,95,0,28,0,1229,0,1
7/10/2023 3:06:48,23.75,9531.47,3.27,95,0,28,0,1230,0,1
7/10/2023 3:06:53,23.75,9536.84,3.27,95,0,28,0,1230,0,1
7/10/2023 3:08:24,23.75,9553.26,3.26,96,0,28,0,1231,0,1
7/10/2023 3:08:24,23.75,9553.72,3.26,96,0,28,0,1232,0,1
7/10/2023 3:08:25,23.75,9554.23,3.26,96,0,28,0,1233,0,1
7/10/2023 3:08:43,23.75,9572.71,3.26,96,0,28,0,1234,0,1
7/10/2023 3:08:45,23.75,9574.29,3.26,96,0,28,0,1235,0,1
7/10/2023 3:09:20,23.75,9608.98,3.26,96,0,28,0,1235,0,1
7/10/2023 4:37:00,23.50,9674.97,3.25,97,0,28,0,1236,0,1
7/10/2023 4:37:01,23.50,9675.67,3.25,97,0,28,0,1237,0,1
7/10/2023 4:37:02,23.50,9677.05,3.26,97,0,28,0,1238,0,1
7/10/2023 4:37:04,23.50,9678.37,3.26,97,0,28,0,1239,0,1
7/10/2023 4:37:08,23.50,9682.43,3.25,97,0,28,0,1240,0,1
7/10/2023 4:37:09,23.50,9684.05,3.26,97,0,28,0,1241,0,1
7/10/2023 4:37:29,23.50,9704.06,3.26,97,0,28,0,1242,0,1
7/10/2023 4:37:30,23.50,9704.67,3.26,97,0,28,0,1243,0,1
7/10/2023 4:37:56,23.50,9730.99,3.26,97,0,28,0,1243,0,1
7/10/2023 5:52:16,23.50,9780.25,3.26,97,0,29,0,1243,0,1
7/10/2023 5:52:35,23.50,9798.14,3.26,98,0,29,0,1244,0,1
7/10/2023 5:52:36,23.50,9799.68,3.26,98,0,29,0,1245,0,1
7/10/2023 5:52:41,23.50,9804.61,3.26,98,0,29,0,1246,0,1
7/10/2023 5:52:44,23.50,9807.38,3.26,98,0,29,0,1247,0,1
7/10/2023 5:52:44,23.50,9807.87,3.26,98,0,29,0,1248,0,1
7/10/2023 5:53:22,23.50,9845.85,3.26,98,0,29,0,1248,0,1
7/10/2023 6:28:15,23.50,9879.56,3.26,99,0,29,0,1249,0,1
7/10/2023 6:28:16,23.50,9880.24,3.26,99,0,29,0,1250,0,1
7/10/2023 6:28:21,23.50,9885.09,3.27,99,0,29,0,1251,0,1
7/10/2023 6:28:24,23.50,9888.49,3.27,99,0,29,0,1252,0,1
7/10/2023 6:28:31,23.50,9895.29,3.26,99,0,29,0,1253,0,1
7/10/2023 6:28:34,23.50,9898.98,3.26,99,0,29,0,1254,0,1
7/10/2023 6:28:52,23.50,9916.75,3.27,99,0,29,0,1255,0,1
7/10/2023 6:28:56,23.50,9920.67,3.27,99,0,29,0,1256,0,1
7/10/2023 6:29:13,23.50,9937.31,3.27,99,0,29,0,1256,0,1
7/10/2023 13:59:00,23.00,10203.75,3.27,99,0,30,0,1256,0,1
7/10/2023 15:29:07,23.00,10262.91,3.26,100,0,30,0,1257,0,1
7/10/2023 15:29:08,23.00,10263.91,3.25,100,0,30,0,1258,0,1
7/10/2023 15:30:06,23.00,10321.40,3.25,100,0,30,0,1258,0,1
7/10/2023 16:05:12,23.00,10347.99,3.27,100,0,31,0,1258,0,1
7/10/2023 16:05:59,23.00,10354.89,3.26,101,0,31,0,1259,0,1
7/10/2023 16:05:59,23.00,10355.46,3.26,101,0,31,0,1260,0,1
7/10/2023 16:06:00,23.00,10356.22,3.26,101,0,31,0,1261,0,1
